position,person,personID,start,end,gender,DOB,DOD,image,enwiki
Member of the House of Representatives of the Philippines,Eddie Ilarde,Q5336151,1984,2020-08-04,male,1934-08-25,2020-08-04,Former Sen. Eddie Ilarde - 2019.jpg,Eddie Ilarde
Member of the House of Representatives of the Philippines,Ralph Recto,Q555499,1992-06-30,2001-06-30,male,1964-01-11,,Ralph Recto cropped.jpg,Ralph Recto
Member of the House of Representatives of the Philippines,Plaridel Abaya,Q12969523,1995,,male,1934-02-25,,,
Member of the House of Representatives of the Philippines,Florencio Abad,Q1427383,1995,2004,male,1954-07-13,,Butch Abad (crop).png,Florencio Abad
Member of the House of Representatives of the Philippines,Abdusakur Tan,Q2683983,1996,2001-06-30,male,1950-07-13,,,Abdusakur Mahail Tan
Member of the House of Representatives of the Philippines,Harlin Abayon,Q11042220,1998,,male,1950-05-10,,,
Member of the House of Representatives of the Philippines,Prospero Amatong,Q4596779,1998,2001,male,1931-10-18,2009-05-16,,Prospero Amatong
Member of the House of Representatives of the Philippines,Roseller Barinaga,Q101243121,1998-06-30,2001-06-30,male,,,,Roseller Barinaga
Member of the House of Representatives of the Philippines,Charlie Cojuangco,Q12962523,1998-06-30,2001-06-30,male,1963-04-14,2022-02-22,,
Member of the House of Representatives of the Philippines,Benigno Aquino III,Q1464,1998-06-30,2007-06-30,male,1960-02-08,2021-06-24,President Benigno S. Aquino III.jpg,Benigno Aquino III
Member of the House of Representatives of the Philippines,Imee Marcos,Q2208719,1998-06-30,2007-06-30,female,1955-11-12,,Imee Marcos COC 2019 elections filing (cropped).jpg,Imee Marcos
Member of the House of Representatives of the Philippines,Pantaleon Alvarez,Q24239770,1998-06-30,2001-06-30,male,1958-01-10,,Pantaleon Alvarez.jpg,Pantaleon Alvarez
Member of the House of Representatives of the Philippines,Rodrigo Duterte,Q457786,1998-06-30,2001-06-30,male,1945-03-28,,President Rodrigo Duterte.jpg,Rodrigo Duterte
Member of the House of Representatives of the Philippines,Alan Peter Cayetano,Q471883,1998-06-30,2007-06-30,male,1970-10-28,,Rep. Alan Peter Cayetano (18th Congress PH).jpg,Alan Peter Cayetano
Member of the House of Representatives of the Philippines,Juan Miguel Zubiri,Q555253,1998-06-30,2007-06-30,male,1968-04-13,,,Juan Miguel Zubiri
Member of the House of Representatives of the Philippines,Prospero Amatong,Q4596779,2001,2004,male,1931-10-18,2009-05-16,,Prospero Amatong
Member of the House of Representatives of the Philippines,Roseller Barinaga,Q101243121,2001-06-30,2004-06-30,male,,,,Roseller Barinaga
Member of the House of Representatives of the Philippines,Charlie Cojuangco,Q12962523,2001-06-30,2004-06-30,male,1963-04-14,2022-02-22,,
Member of the House of Representatives of the Philippines,Aurelio Umali,Q17371328,2001-06-30,2007-06-30,male,1966,,"HoR Official Portrait - Aurelio ""Oyie"" Umali.jpg",Aurelio Umali
Member of the House of Representatives of the Philippines,Cynthia Villar,Q2192916,2001-06-30,2010-06-30,female,1950-07-29,,Sen. Cynthia Villar (cropped).jpg,Cynthia Villar
Member of the House of Representatives of the Philippines,Cho Roco,Q25663425,2001-06-30,2004-06-30,male,,,,
Member of the House of Representatives of the Philippines,Sherwin Gatchalian,Q2606208,2001-06-30,2004-06-30,male,1974-04-06,,20170329 BenhamRise.Senate MLC 538.jpg,Win Gatchalian
Member of the House of Representatives of the Philippines,Joel Villanueva,Q12963666,2002-02-06,2010-06-30,male,1975-08-02,,Joel Villanueva portrait.jpg,Joel Villanueva
Member of the House of Representatives of the Philippines,Henedina Abad,Q12964580,2004,2007,female,1955-01-26,2017-10-08,,Henedina Abad
Member of the House of Representatives of the Philippines,Prospero Amatong,Q4596779,2004,2007,male,1931-10-18,2009-05-16,,Prospero Amatong
Member of the House of Representatives of the Philippines,"Benjamin Abalos, Jr.",Q4888170,2004,,male,1962-07-19,,Benjamin Abalos Jr. 2019 (cropped).jpg,Benjamin Abalos Jr.
Member of the House of Representatives of the Philippines,Benny Abante,Q4889930,2004,,male,1951-07-15,,"Rep. Bienvenido Abante, Jr. (18th Congress PH).jpg",Benny Abante
Member of the House of Representatives of the Philippines,Joseph Emilio Abaya,Q6282903,2004,,male,1966-05-28,,,Jun Abaya
Member of the House of Representatives of the Philippines,Roseller Barinaga,Q101243121,2004-06-30,2007-06-30,male,,,,Roseller Barinaga
Member of the House of Representatives of the Philippines,Charlie Cojuangco,Q12962523,2004-06-30,2007-06-30,male,1963-04-14,2022-02-22,,
Member of the House of Representatives of the Philippines,Proceso Alcala,Q1665903,2004-06-30,2010-06-30,male,1955-07-02,,PhotoRelease DA 140609 (cropped).jpg,Proceso Alcala
Member of the House of Representatives of the Philippines,Mikey Arroyo,Q1858359,2004-06-30,2007-06-30,male,1969-04-26,,Mikey Macapagal-Arroyo.jpg,Mikey Arroyo
Member of the House of Representatives of the Philippines,Risa Hontiveros,Q2108334,2004-06-30,2010-06-30,female,1966-02-24,,Risa hontiveros.JPG,Risa Hontiveros
Member of the House of Representatives of the Philippines,Juan Edgardo Angara,Q2133872,2004-06-30,2013-06-30,male,1972-07-15,,Sen. Sonny Angara.jpg,Sonny Angara
Member of the House of Representatives of the Philippines,Teofisto Guingona III,Q3550710,2004-06-30,2010-06-30,male,1959-04-19,,Senator TG Guingona visits Negros Occidental 7.15.15 (cropped).png,TG Guingona
Member of the House of Representatives of the Philippines,Jesus Crispin Remulla,Q6188132,2004-06-30,2007-06-30,male,1961-03-31,,Rep. Jesus Crispin Remulla (18th Congress PH).jpg,Jesus Crispin Remulla
Member of the House of Representatives of the Philippines,Abigail Binay,Q12967692,2007-06-30,2016-06-30,female,1975-12-12,,Abby Binay July 2016.jpg,Abigail Binay
Member of the House of Representatives of the Philippines,Mikey Arroyo,Q1858359,2007-06-30,2010-06-30,male,1969-04-26,,Mikey Macapagal-Arroyo.jpg,Mikey Arroyo
Member of the House of Representatives of the Philippines,Pablo P. Garcia,Q1867908,2007-06-30,2013-06-30,male,1925-09-25,2021-08-18,,Pablo P. Garcia
Member of the House of Representatives of the Philippines,Diosdado Macapagal–Arroyo,Q5279602,2007-06-30,2010-06-30,male,1974-09-04,,Dato Arroyo - 16th Congress.jpg,Dato Arroyo
Member of the House of Representatives of the Philippines,Jesus Crispin Remulla,Q6188132,2007-06-30,2010-06-30,male,1961-03-31,,Rep. Jesus Crispin Remulla (18th Congress PH).jpg,Jesus Crispin Remulla
Member of the House of Representatives of the Philippines,Cresente Paez,Q17371018,2009,,male,,,,
Member of the House of Representatives of the Philippines,Henedina Abad,Q12964580,2010,2013-06-30,female,1955-01-26,2017-10-08,,Henedina Abad
Member of the House of Representatives of the Philippines,Emmi de Jesus,Q56043681,2010,,female,,,,Emmi de Jesus
Member of the House of Representatives of the Philippines,Romeo Jalosjos Jr.,Q104839501,2010-06-30,2013-06-30,male,1971-11-04,,,Romeo Jalosjos Jr.
Member of the House of Representatives of the Philippines,Gloria Macapagal Arroyo,Q123665,2010-06-30,,female,1947-04-05,,Gloria Macapagal Arroyo WEF 2009-crop.jpg,Gloria Macapagal Arroyo
Member of the House of Representatives of the Philippines,Joseph Victor Ejercito,Q12950817,2010-06-30,2013-06-30,male,1969-12-26,,Sen. JV Ejercito - 2018 (cropped).jpg,JV Ejercito
Member of the House of Representatives of the Philippines,Enrique Cojuangco,Q12963710,2010-06-30,2013-06-30,male,,2015-05-12,,
Member of the House of Representatives of the Philippines,Karlo Alexei Nograles,Q12965820,2010-06-30,2013-06-30,male,1976-09-03,,KN.png,Karlo Nograles
Member of the House of Representatives of the Philippines,Rodolfo B. Albano,Q12970075,2010-06-30,2013-06-30,male,1934-03-27,2019-11-05,,
Member of the House of Representatives of the Philippines,Augusto Syjuco Jr.,Q17370955,2010-06-30,2013-06-30,male,,2020-01-10,,
Member of the House of Representatives of the Philippines,Mikey Arroyo,Q1858359,2010-06-30,2013-06-30,male,1969-04-26,,Mikey Macapagal-Arroyo.jpg,Mikey Arroyo
Member of the House of Representatives of the Philippines,Imelda Marcos,Q285536,2010-06-30,,female,1929-07-02,,Imelda Marcos.jpg,Imelda Marcos
Member of the House of Representatives of the Philippines,Manny Pacquiao,Q486359,2010-06-30,2016-06-30,male,1978-12-17,,"Ceremonial first pitch by Manny Pacquiao, April 21, 2009.jpg",Manny Pacquiao
Member of the House of Representatives of the Philippines,Diosdado Macapagal–Arroyo,Q5279602,2010-06-30,2013-06-30,male,1974-09-04,,Dato Arroyo - 16th Congress.jpg,Dato Arroyo
Member of the House of Representatives of the Philippines,Diosdado Macapagal–Arroyo,Q5279602,2010-06-30,2016-06-30,male,1974-09-04,,Dato Arroyo - 16th Congress.jpg,Dato Arroyo
Member of the House of Representatives of the Philippines,Jesus Crispin Remulla,Q6188132,2010-06-30,2013-06-30,male,1961-03-31,,Rep. Jesus Crispin Remulla (18th Congress PH).jpg,Jesus Crispin Remulla
Member of the House of Representatives of the Philippines,Maximo B. Dalog,Q10976917,2013-06-30,2016-06-30,male,1946-10-01,2017-06-03,,
Member of the House of Representatives of the Philippines,Harlin Abayon,Q11042220,2013-06-30,2016-03-16,male,1950-05-10,,,
Member of the House of Representatives of the Philippines,Lucy Torres-Gomez,Q11845136,2013-06-30,2016-06-30,female,1974-12-11,,Chairperson Rep. Lucy Torres-Gomez (cropped).jpg,Lucy Torres-Gomez
Member of the House of Representatives of the Philippines,Gloria Macapagal Arroyo,Q123665,2013-06-30,2016-06-30,female,1947-04-05,,Gloria Macapagal Arroyo WEF 2009-crop.jpg,Gloria Macapagal Arroyo
Member of the House of Representatives of the Philippines,Walden Bello,Q1285526,2013-06-30,2015-03-16,male,1945-11-11,,Walden.jpg,Walden Bello
Member of the House of Representatives of the Philippines,Abdullah Dimaporo,Q12961079,2013-06-30,2016-06-30,male,,,,
Member of the House of Representatives of the Philippines,Agapito Guanlao,Q12961145,2013-06-30,2016-06-30,male,,,,
Member of the House of Representatives of the Philippines,Andres Salvacion,Q12961483,2013-06-30,2016-06-30,male,,,,
Member of the House of Representatives of the Philippines,Arnulfo Go,Q12961709,2013-06-30,2016-06-30,,,,,
Member of the House of Representatives of the Philippines,Bai Sandra Sema,Q12961921,2013-06-30,2016-06-30,female,,,,
Member of the House of Representatives of the Philippines,Carlos M. Padilla,Q12962521,2013-06-30,2016-06-30,male,1944-09-19,,Carlos Padilla LPP.jpg,Carlos Padilla (politician)
Member of the House of Representatives of the Philippines,Celso Lobregat,Q12962647,2013-06-30,2016-06-30,male,1948-03-20,,,Celso Lobregat
Member of the House of Representatives of the Philippines,Cesar Sarmiento,Q12962665,2013-06-30,2016-06-30,male,,,,
Member of the House of Representatives of the Philippines,Christopher Co,Q12962852,2013-06-30,2016-06-30,male,,,,
Member of the House of Representatives of the Philippines,Cinchona Cruz-Gonzales,Q12962885,2013-06-30,2016-06-30,,,,,
Member of the House of Representatives of the Philippines,Czarina Umali,Q12963050,2013-06-30,2016-06-30,,,,Nueva Ecija Governor Czarina Umali 2018.jpg,
Member of the House of Representatives of the Philippines,Deogracias Ramos Jr.,Q12963299,2013-06-30,2016-06-30,,,,,
Member of the House of Representatives of the Philippines,Eleandro Jesus Madrona,Q12963623,2013-06-30,2016-06-30,female,,,,
Member of the House of Representatives of the Philippines,Elmer Panotes,Q12963641,2013-06-30,2015-09-16,male,,,,
Member of the House of Representatives of the Philippines,Enrique Cojuangco,Q12963710,2013-06-30,2015-05-12,male,,2015-05-12,,
Member of the House of Representatives of the Philippines,Eric Singson,Q12963761,2013-06-30,2016-06-30,male,,,,
Member of the House of Representatives of the Philippines,Eulogio Magsaysay,Q12963831,2013-06-30,2016-06-30,,,,,
Member of the House of Representatives of the Philippines,Fernando Gonzalez,Q12963933,2013-06-30,2016-06-30,male,,,,
Member of the House of Representatives of the Philippines,Florencio Garay,Q12963967,2013-06-30,2016-06-30,male,,,,
Member of the House of Representatives of the Philippines,Francisco Matugas,Q12964010,2013-06-30,2016-06-30,male,1969,,,Francisco Matugas
Member of the House of Representatives of the Philippines,Gabriel Luis Quisumbing,Q12964119,2013-06-30,2016-06-30,male,,,,
Member of the House of Representatives of the Philippines,Giorgidi Aggabao,Q12964257,2013-06-30,2016-06-30,male,,,,
Member of the House of Representatives of the Philippines,Guillermo Romarate Jr.,Q12964392,2013-06-30,2016-06-30,male,,,,
Member of the House of Representatives of the Philippines,Henedina Abad,Q12964580,2013-06-30,2016-06-30,female,1955-01-26,2017-10-08,,Henedina Abad
Member of the House of Representatives of the Philippines,Jesus Celeste,Q12965265,2013-06-30,2016-06-30,male,,,,
Member of the House of Representatives of the Philippines,Jesus Sacdalan,Q12965270,2013-06-30,2016-06-30,male,,,,
Member of the House of Representatives of the Philippines,Jorge Banal,Q12965407,2013-06-30,2016-06-30,male,,,,
Member of the House of Representatives of the Philippines,Jorge Almonte,Q12965416,2013-06-30,2016-06-30,male,,,,
Member of the House of Representatives of the Philippines,Joselito Mendoza,Q12965458,2013-06-30,2016-06-30,,1953,,,
Member of the House of Representatives of the Philippines,Julio Ledesma IV,Q12965511,2013-06-30,2016-06-30,male,,,,
Member of the House of Representatives of the Philippines,Karlo Alexei Nograles,Q12965820,2013-06-30,2016-06-30,male,1976-09-03,,KN.png,Karlo Nograles
Member of the House of Representatives of the Philippines,Leopoldo Bataoil,Q12967211,2013-06-30,2016-06-30,male,,,,
Member of the House of Representatives of the Philippines,Linabelle Ruth Villarica,Q12967276,2013-06-30,2016-06-30,female,,,,
Member of the House of Representatives of the Philippines,Manuel Agyao,Q12967675,2013-06-30,2016-06-30,male,,,,
Member of the House of Representatives of the Philippines,Abigail Binay,Q12967692,2013-06-30,2016-06-30,female,1975-12-12,,Abby Binay July 2016.jpg,Abigail Binay
Member of the House of Representatives of the Philippines,Maria Zenaida Angping,Q12967758,2013-06-30,2016-06-30,female,,,,
Member of the House of Representatives of the Philippines,Mark Llandro Mendoza,Q12967801,2013-06-30,2016-06-30,male,,,,
Member of the House of Representatives of the Philippines,Maximo Rodriguez Jr.,Q12967915,2013-06-30,2016-06-30,male,,,,
Member of the House of Representatives of the Philippines,Mercedes Alvarez,Q12967978,2013-06-30,2016-06-30,female,,,Seal of the Philippine House of Representatives.svg,Mercedes Alvarez (politician)
Member of the House of Representatives of the Philippines,Milagrosa Tan,Q12968135,2013-06-30,2016-06-30,female,1958-02-24,2019-11-30,HoR Official Portrait of Milagrosa Tan.jpg,Milagrosa Tan
Member of the House of Representatives of the Philippines,Mylene Garcia-Albano,Q12968454,2013-06-30,2016-06-30,female,,,,
Member of the House of Representatives of the Philippines,Nancy Catamco,Q12968514,2013-06-30,2016-06-30,female,1969-06-19,,HoR Portrait of Nancy Catamco.jpg,Nancy Catamco
Member of the House of Representatives of the Philippines,Napoleon Dy,Q12968534,2013-06-30,2016-06-30,male,,,,
Member of the House of Representatives of the Philippines,Nelson Dayanghirang,Q12968589,2013-06-30,2016-06-30,male,,,Governor Nelson Dayanghirang.png,Nelson Dayanghirang
Member of the House of Representatives of the Philippines,Pangalian Balindong,Q12969134,2013-06-30,2016-06-30,male,1940-01-01,,Ali Pangalian Balindong.jpg,Pangalian Balindong
Member of the House of Representatives of the Philippines,Patricio Antonio,Q12969331,2013-06-30,2016-06-30,male,,,,
Member of the House of Representatives of the Philippines,Peter Unabia,Q12969408,2013-06-30,2016-06-30,male,,,,
Member of the House of Representatives of the Philippines,Philip Pichay,Q12969420,2013-06-30,2016-03-16,male,,,,
Member of the House of Representatives of the Philippines,Raden Sakaluran,Q12969755,2013-06-30,2016-06-30,male,,,,
Member of the House of Representatives of the Philippines,Randolph Ting,Q12969800,2013-06-30,2016-06-30,male,,,Ting-rs.png,Randolph Ting
Member of the House of Representatives of the Philippines,Reynaldo Umali,Q12969927,2013-06-30,2016-06-30,,,,,
Member of the House of Representatives of the Philippines,Rodolfo Fariñas,Q12970074,2013-06-30,2016-06-30,male,1951-09-05,,,Rodolfo Fariñas
Member of the House of Representatives of the Philippines,Rogelio Espina,Q12970085,2013-06-30,2016-06-30,male,1960,,HoR Official Portrait Rogelio Espina.jpg,Rogelio Espina
Member of the House of Representatives of the Philippines,Ronaldo Zamora,Q12970122,2013-06-30,2016-06-30,male,1944-12-04,,Ronaldo Zamora (cropped).jpg,Ronaldo Zamora
Member of the House of Representatives of the Philippines,Rosenda Ann Ocampo,Q12970151,2013-06-30,2016-06-30,female,,,,
Member of the House of Representatives of the Philippines,Rosendo Labadlabad,Q12970152,2013-06-30,2016-06-30,male,,,,
Member of the House of Representatives of the Philippines,Scott Davies Lanete,Q12970779,2013-06-30,2016-06-30,male,,,,
Member of the House of Representatives of the Philippines,Vicente Belmonte,Q12972396,2013-06-30,2016-06-30,male,,,,
Member of the House of Representatives of the Philippines,Amado Bagatsing,Q15869885,2013-06-30,2016-06-30,male,1947-12-03,,,
Member of the House of Representatives of the Philippines,Evelio Leonardia,Q15885486,2013-06-30,2016-06-30,male,1952-07-10,,,Evelio Leonardia
Member of the House of Representatives of the Philippines,Sol Aragones,Q16149679,2013-06-30,2016-06-30,female,1977-11-06,,HoR Official Portrait Sol Aragones.jpg,Sol Aragones
Member of the House of Representatives of the Philippines,Erico Aristotle Aumentado,Q16150268,2013-06-30,2016-06-30,male,1977-12-29,,ArisAumentado.png,Erico Aristotle Aumentado
Member of the House of Representatives of the Philippines,Jose I. Tejada,Q16192880,2013-06-30,2016-06-30,male,1958-06-10,,HoR Official Portrait Jose Tejada.jpg,Jose Tejada
Member of the House of Representatives of the Philippines,Raneo Abu,Q16197189,2013-06-30,2016-06-30,male,1967,,HoR Official Portrait Raneo Abu.jpg,Raneo Abu
Member of the House of Representatives of the Philippines,Regina Ongsiako Reyes,Q16735147,2013-06-30,2016-02-01,female,1964-07-03,2022,Reyes-r.jpg,Regina Reyes Mandanas
Member of the House of Representatives of the Philippines,Sitti Djalia Turabin,Q16886227,2013-06-30,2016-06-30,female,1976-11-26,,,Sitti Djalia Turabin
Member of the House of Representatives of the Philippines,Joseph Ace Durano,Q1706872,2013-06-30,2016-06-30,male,1970-04-03,,,Ace Durano
Member of the House of Representatives of the Philippines,Alfredo Abelardo Benitez,Q17370900,2013-06-30,2016-06-30,male,,,,
Member of the House of Representatives of the Philippines,Thelma Almario,Q17370907,2013-06-30,2016-06-30,female,,,,
Member of the House of Representatives of the Philippines,Erlpe John Amante,Q17370912,2013-06-30,2016-06-30,male,,,,Erlpe John Amante
Member of the House of Representatives of the Philippines,Antonio Tinio,Q17370935,2013-06-30,2016-06-30,male,,,,Antonio Tinio
Member of the House of Representatives of the Philippines,George Arnaiz,Q17370944,2013-06-30,2016-06-30,male,,,,
Member of the House of Representatives of the Philippines,Arthur Defensor Jr.,Q17370945,2013-06-30,2016-06-30,male,1969-10-08,,"HoR Official Portrait of Arthur Defensor, Jr.jpg",Arthur Defensor Jr.
Member of the House of Representatives of the Philippines,Benjamin Asilo,Q17370948,2013-06-30,2016-06-30,male,,,,
Member of the House of Representatives of the Philippines,Belma Cabilao,Q17370983,2013-06-30,2016-06-30,female,,,,
Member of the House of Representatives of the Philippines,Carlo Lopez,Q17370991,2013-06-30,2016-06-30,male,,,,
Member of the House of Representatives of the Philippines,Ronald Cosalan,Q17371015,2013-06-30,2016-06-30,male,,,,
Member of the House of Representatives of the Philippines,Cresente Paez,Q17371018,2013-06-30,2016-06-30,male,,,,
Member of the House of Representatives of the Philippines,Eufranio Eriguel,Q17371060,2013-06-30,2016-06-30,male,1959-06-12,2018-05-12,,Eufranio Eriguel
Member of the House of Representatives of the Philippines,Ben Evardone,Q17371063,2013-06-30,2016-06-30,male,,,HoR Official Portrait of Ben Evardone.jpg,
Member of the House of Representatives of the Philippines,Jeffrey Ferrer,Q17371067,2013-06-30,2016-06-30,male,,,,
Member of the House of Representatives of the Philippines,Luis Ferrer IV,Q17371068,2013-06-30,2016-06-30,male,,,,
Member of the House of Representatives of the Philippines,Florencio Flores Jr.,Q17371073,2013-06-30,2016-06-30,,,,,
Member of the House of Representatives of the Philippines,Francisco Ortega III,Q17371074,2013-06-30,2016-06-30,male,1967,,Francisco Emmanuel Ortega III portrait.jpg,Francisco Emmanuel Ortega III
Member of the House of Representatives of the Philippines,Ann Hofer,Q17371094,2013-06-30,2016-06-30,female,1967-06-03,,Rep. Ann K. Hofer.jpg,Dulce Ann Hofer
Member of the House of Representatives of the Philippines,Jerry Treñas,Q17371100,2013-06-30,2016-06-30,male,,,,
Member of the House of Representatives of the Philippines,Joel Roy Duavit,Q17371109,2013-06-30,2016-06-30,male,,,,
Member of the House of Representatives of the Philippines,Jose Carlos Cari,Q17371112,2013-06-30,2016-06-30,male,,,,
Member of the House of Representatives of the Philippines,Roy Loyola,Q17371149,2013-06-30,2016-06-30,male,,,,
Member of the House of Representatives of the Philippines,Mark Villar,Q17371175,2013-06-30,2016-06-30,male,1978-08-14,,Mark A. Villar dpwh portrait.png,Mark Villar
Member of the House of Representatives of the Philippines,Mel Senen Sarmiento,Q17371180,2013-06-30,2015-09-29,male,1962-08-11,,,Mel Senen Sarmiento
Member of the House of Representatives of the Philippines,Damian Mercado,Q17371182,2013-06-30,2016-06-30,male,,,HoR Official Portrait of Damian Mercado.jpg,Damian Mercado
Member of the House of Representatives of the Philippines,Monique Yazmin Lagdameo,Q17371189,2013-06-30,2016-06-30,female,,,,
Member of the House of Representatives of the Philippines,Neil Benedict Montejo,Q17371199,2013-06-30,2016-06-30,male,,,,
Member of the House of Representatives of the Philippines,Emil Ong,Q17371201,2013-06-30,2016-06-30,male,,,,
Member of the House of Representatives of the Philippines,Victor Francisco Ortega,Q17371202,2013-06-30,2016-06-30,male,,,,
Member of the House of Representatives of the Philippines,Arturo Robes,Q17371246,2013-06-30,2016-06-30,male,,,,
Member of the House of Representatives of the Philippines,Rodel Batocabe,Q17371250,2013-06-30,2016-06-30,male,1966-04-25,2018-12-22,,Rodel Batocabe
Member of the House of Representatives of the Philippines,Isidro Rodriguez,Q17371255,2013-06-30,2016-06-30,male,,,,
Member of the House of Representatives of the Philippines,Martin Romualdez,Q17371261,2013-06-30,2016-06-30,male,1963-11-14,,Rep. Ferdinand Romualdez (18th Congress PH).jpg,Martin Romualdez
Member of the House of Representatives of the Philippines,Roman Romulo,Q17371262,2013-06-30,2016-06-30,male,1967-02-28,,Roman Romulo portrait.jpg,Roman Romulo
Member of the House of Representatives of the Philippines,Salvio Fortuno,Q17371267,2013-06-30,2016-06-30,male,,,,
Member of the House of Representatives of the Philippines,Josephine Sato,Q17371286,2013-06-30,2016-06-30,female,1954-04-29,,Congresswoman Josephine Ramirez-Sato 2017.jpg,Josephine Sato
Member of the House of Representatives of the Philippines,Teodorico Haresco Jr.,Q17371308,2013-06-30,2016-06-30,male,1970-08-12,,Haresco-t.jpg,Teodorico Haresco Jr.
Member of the House of Representatives of the Philippines,Joseph Gilbert Violago,Q17371346,2013-06-30,2016-06-30,male,,,,
Member of the House of Representatives of the Philippines,Winston Castelo,Q17371350,2013-06-30,2016-06-30,male,,,,
Member of the House of Representatives of the Philippines,Carlos Isagani Zarate,Q18062098,2013-06-30,2016-06-30,male,1967-05-14,,Carlos Zarate in 2017.jpg,Carlos Isagani Zarate
Member of the House of Representatives of the Philippines,Felix William Fuentebella,Q18686221,2013-06-30,2016-06-30,male,1975-02-05,,Use2 (cropped).jpg,Felix William Fuentebella
Member of the House of Representatives of the Philippines,Lino Cayetano,Q19960435,2013-06-30,2016-06-30,male,1978-01-04,,LinoCayetano.jpg,Lino Cayetano
Member of the House of Representatives of the Philippines,"Rolando Andaya, Jr.",Q2163117,2013-06-30,2016-06-30,male,1969-03-10,,Camarines Sur Rep. Rolando Andaya gives a statement to the media (cropped).jpg,Rolando Andaya Jr.
Member of the House of Representatives of the Philippines,Teddy Baguilat,Q2194971,2013-06-30,2016-06-30,male,1966-07-30,,Teddy Baguilat.jpg,Teddy Baguilat
Member of the House of Representatives of the Philippines,"Samuel Pagdilao, Jr.",Q22007288,2013-06-30,2016-06-30,male,1957-02-13,,Pagdilao-Samuel.jpg,Samuel Pagdilao
Member of the House of Representatives of the Philippines,Enrico Echiverri,Q2258161,2013-06-30,2016-06-30,male,1954-11-18,,,Enrico Echiverri
Member of the House of Representatives of the Philippines,Frederick Abueg,Q23874335,2013-06-30,2016-06-30,male,,,,
Member of the House of Representatives of the Philippines,Susan A. Yap-Sulit,Q23874834,2013-06-30,2016-06-30,female,1965,,Gov Susan Yap.jpg,Susan Yap
Member of the House of Representatives of the Philippines,"Feliciano Belmonte, Jr.",Q2510441,2013-06-30,2016-06-30,male,1936-10-02,,Feliciano Belmonte Jr - 2016 (cropped).jpg,Feliciano Belmonte Jr.
Member of the House of Representatives of the Philippines,Silvestre Bello III,Q25136908,2013-06-30,2016-06-30,male,1944-06-23,,Silvestre Bello - 2018 (38693) (cropped).jpg,Silvestre Bello III
Member of the House of Representatives of the Philippines,Rodolfo Biazon,Q2573673,2013-06-30,2016-06-30,male,1935-04-14,,Rodolfo Biazon - PMA Homecoming 2019 (cropped).jpg,Rodolfo Biazon
Member of the House of Representatives of the Philippines,Sherwin Gatchalian,Q2606208,2013-06-30,2016-06-30,male,1974-04-06,,20170329 BenhamRise.Senate MLC 538.jpg,Win Gatchalian
Member of the House of Representatives of the Philippines,Jose Zubiri III,Q2609062,2013-06-30,2016-06-30,male,1963-04-30,,,Jose Zubiri III
Member of the House of Representatives of the Philippines,Lito Atienza,Q2648928,2013-06-30,2016-06-30,male,1941-08-10,,"Rep. Lito Atienza, Jr (18th Congress PH).jpg",Lito Atienza
Member of the House of Representatives of the Philippines,Gwendolyn Garcia,Q2720262,2013-06-30,2016-06-30,female,1955-10-12,,Gwen1 20011 Haarry Wad.jpg,Gwendolyn Garcia
Member of the House of Representatives of the Philippines,Imelda Marcos,Q285536,2013-06-30,2016-06-30,female,1929-07-02,,Imelda Marcos.jpg,Imelda Marcos
Member of the House of Representatives of the Philippines,Herminia Roman,Q3303072,2013-06-30,2016-06-30,female,1940-07-09,,Cong. Herminia Roman 1st District Bataan.JPG,Herminia Roman
Member of the House of Representatives of the Philippines,Abraham Tolentino,Q330656,2013-06-30,2016-06-30,male,1964-02-23,,Abraham Tolentino (crop).jpg,Abraham Tolentino
Member of the House of Representatives of the Philippines,Tet Garcia,Q3549853,2013-06-30,2016-06-13,male,1940-09-13,2016-06-13,,Tet Garcia
Member of the House of Representatives of the Philippines,Al Francis Bichara,Q4703841,2013-06-30,2016-06-30,male,1952-09-17,,Al Francis C. Bichara (cropped).jpg,Al Francis Bichara
Member of the House of Representatives of the Philippines,Alfred Vargas,Q4723556,2013-06-30,2016-06-30,male,1981-10-24,,Rep. Alfred Vargas (18th Congress PH).jpg,Alfred Vargas
Member of the House of Representatives of the Philippines,Conrado Estrella III,Q475303,2013-06-30,2016-06-30,male,1960-09-12,,,Conrado Estrella III
Member of the House of Representatives of the Philippines,"Antonio Lagdameo, Jr.",Q4776725,2013-06-30,2016-06-30,male,1968-01-22,,Anton F. Lagdameo Jr..jpg,Antonio Lagdameo Jr.
Member of the House of Representatives of the Philippines,Antonio del Rosario,Q4777091,2013-06-30,2016-06-30,male,1946-04-13,,,Antonio del Rosario
Member of the House of Representatives of the Philippines,Arnel Cerafica,Q4794715,2013-06-30,2016-06-30,male,,,ArnelCerafica.jpg,Arnel Cerafica
Member of the House of Representatives of the Philippines,Aurora Enerio-Cerilles,Q4822523,2013-06-30,2016-06-30,female,1949-09-17,,Portrait of Rep.Aurora Cerilles.webp,Aurora E. Cerilles
Member of the House of Representatives of the Philippines,Manny Pacquiao,Q486359,2013-06-30,2016-06-30,male,1978-12-17,,"Ceremonial first pitch by Manny Pacquiao, April 21, 2009.jpg",Manny Pacquiao
Member of the House of Representatives of the Philippines,Bellaflor Angara-Castillo,Q4883409,2013-06-30,2016-06-30,female,1939-09-14,,Bella Angara.jpg,Bella Angara
Member of the House of Representatives of the Philippines,Benhur Salimbangon,Q4887876,2013-06-30,2016-06-30,male,1945-06-03,2020-12-24,,Benhur Salimbangon
Member of the House of Representatives of the Philippines,"Pedro Acharon, Jr.",Q5149156,2013-06-30,2016-06-30,male,1958-02-08,,,
Member of the House of Representatives of the Philippines,Dakila Cua,Q5209949,2013-06-30,2016-06-30,male,,,HoR Official Portrait - Dakilo Carlo Cua.jpg,Dakila Cua
Member of the House of Representatives of the Philippines,Dan Fernandez,Q5219601,2013-06-30,2016-06-30,male,1958,,HoR Official Portrait Danilo Fernandez.jpg,Danilo Fernandez
Member of the House of Representatives of the Philippines,Diosdado Macapagal–Arroyo,Q5279602,2013-06-30,2016-06-30,male,1974-09-04,,Dato Arroyo - 16th Congress.jpg,Dato Arroyo
Member of the House of Representatives of the Philippines,Edcel Lagman,Q5335744,2013-06-30,2016-06-30,male,1942-05-01,,Rep. Edcel Lagman (18th Congress PH).jpg,Edcel Lagman
Member of the House of Representatives of the Philippines,Eileen Ermita-Buhain,Q5349360,2013-06-30,2016-06-30,female,1969-05-12,,HoR Official Portrait Elenita Milagros Ermita-Buhain.jpg,Eileen Ermita-Buhain
Member of the House of Representatives of the Philippines,Elisa Olga Kho,Q5361378,2013-06-30,2016-06-30,female,,,,Elisa Olga Kho
Member of the House of Representatives of the Philippines,"Elpidio Barzaga, Jr.",Q5367306,2013-06-30,2016-06-30,male,1950-03-25,,HoR Official Portrait Elpidio Barzaga Jr.jpg,Elpidio Barzaga Jr.
Member of the House of Representatives of the Philippines,Franklin Bautista,Q5491304,2013-06-30,2016-06-30,male,1952-04-01,,,Franklin Bautista
Member of the House of Representatives of the Philippines,Fredenil Castro,Q5496959,2013-06-30,2016-06-30,male,1951-04-27,,HoR Official Portrait Fredenil Castro - 18th Congress.jpg,Fredenil Castro
Member of the House of Representatives of the Philippines,Gina de Venecia,Q5562939,2013-06-30,2016-06-30,female,1949-02-15,,Gina de Venecia (cropped).jpg,Gina de Venecia
Member of the House of Representatives of the Philippines,Emmi de Jesus,Q56043681,2013-06-30,2016-06-30,female,,,,Emmi de Jesus
Member of the House of Representatives of the Philippines,Ansaruddin Alonto Adiong,Q568929,2013-06-30,2016-06-30,male,,,,Ansaruddin Alonto Adiong
Member of the House of Representatives of the Philippines,Francis Gerald A. Abaya,Q57067691,2013-06-30,2016-06-30,male,1975-09-15,,,Francis Gerald Abaya
Member of the House of Representatives of the Philippines,Rodrigo A. Abellanosa,Q59513272,2013-06-30,2016-06-30,male,1961-12-02,,HoR Official Portrait Rodrigo Abellanosa.jpg,Rodrigo Abellanosa
Member of the House of Representatives of the Philippines,Ma. Lourdes Acosta-Alba,Q59513375,2013-06-30,2016-06-30,female,,,,
Member of the House of Representatives of the Philippines,Alex Advincula,Q59513443,2013-06-30,2016-06-30,,,,,
Member of the House of Representatives of the Philippines,Benjamin C. Agarao Jr.,Q59514413,2013-06-30,2016-06-30,male,,,,
Member of the House of Representatives of the Philippines,Emmeline Aglipay-Villar,Q59514654,2013-06-30,2016-06-30,,,,,
Member of the House of Representatives of the Philippines,Rodolfo T. Albano III,Q59514714,2013-06-30,2016-06-30,male,,,HoR Official Portrait - Rodolfo Albano III.jpg,Rodolfo Albano III
Member of the House of Representatives of the Philippines,Gary C. Alejano,Q59514896,2013-06-30,2016-06-30,,,,,
Member of the House of Representatives of the Philippines,Franz Alvarez,Q59515481,2013-06-30,2016-06-30,male,,,,
Member of the House of Representatives of the Philippines,Isagani S. Amatong,Q59515565,2013-06-30,2016-06-30,male,1940-10-19,,,Isagani Amatong
Member of the House of Representatives of the Philippines,Magnolia C. Antonino,Q59515680,2013-06-30,2016-06-30,,,,,
Member of the House of Representatives of the Philippines,Lani Mercado,Q5969936,2013-06-30,2016-06-30,female,1968-04-13,,Lani Mercado - 2011 (cropped).jpg,Lani Mercado
Member of the House of Representatives of the Philippines,Isidro Ungab,Q6081048,2013-06-30,2016-06-30,male,1961-05-08,,Rep. Isidro Ungab (18th Congress PH).jpg,Isidro Ungab
Member of the House of Representatives of the Philippines,Jun Chipeco,Q6311441,2013-06-30,2016-06-30,male,1942-08-15,,HoR Official Portrait Joaquin Chipeco Jr.jpg,Jun Chipeco
Member of the House of Representatives of the Philippines,Kaka Bag-ao,Q6349093,2013-06-30,2016-06-30,female,1969-07-03,,Kaka Bag-ao (cropped).jpg,Kaka Bag-ao
Member of the House of Representatives of the Philippines,Zajid Mangudadatu,Q63965202,2013-06-30,2016-06-30,male,1975-10-10,,,
Member of the House of Representatives of the Philippines,Maria Jocelyn Bernos,Q65942732,2013-06-30,2016-06-30,female,1977-01-09,,Gov Maria Jocelyn Bernos.jpg,Maria Jocelyn Bernos
Member of the House of Representatives of the Philippines,Jose Christopher Belmonte,Q66776969,2013-06-30,2016-06-30,,,,,
Member of the House of Representatives of the Philippines,Juan Pablo Bondoc,Q66776976,2013-06-30,2016-06-30,male,,,,
Member of the House of Representatives of the Philippines,Mercedes Cagas,Q66776985,2013-06-30,2016-06-30,female,,,,
Member of the House of Representatives of the Philippines,Wilfredo Caminero,Q66776988,2013-06-30,2016-06-30,male,1954-10-12,,HoR Official Portrait Wilfredo Caminero.jpg,Wilfredo Caminero
Member of the House of Representatives of the Philippines,Leo Rafael Cueva,Q66777000,2013-06-30,2016-06-30,,,,,
Member of the House of Representatives of the Philippines,Cheryl Deloso-Montalla,Q66777009,2013-06-30,2016-06-30,female,,,,
Member of the House of Representatives of the Philippines,Edgar Erice,Q66777018,2013-06-30,2016-06-30,,,,,
Member of the House of Representatives of the Philippines,Evelina Escudero,Q66777021,2013-06-30,2016-06-30,,,,,
Member of the House of Representatives of the Philippines,Raymond Democrito Mendoza,Q12969824,2013-07-31,2016-06-30,male,,,,
Member of the House of Representatives of the Philippines,Raul Daza,Q12969815,2016-03-16,2016-06-30,male,1935-05-02,,,Raul Daza
Member of the House of Representatives of the Philippines,Maximo B. Dalog,Q10976917,2016-06-30,2017-06-03,male,1946-10-01,2017-06-03,,
Member of the House of Representatives of the Philippines,Lucy Torres-Gomez,Q11845136,2016-06-30,2019-06-30,female,1974-12-11,,Chairperson Rep. Lucy Torres-Gomez (cropped).jpg,Lucy Torres-Gomez
Member of the House of Representatives of the Philippines,Gloria Macapagal Arroyo,Q123665,2016-06-30,2019-06-30,female,1947-04-05,,Gloria Macapagal Arroyo WEF 2009-crop.jpg,Gloria Macapagal Arroyo
Member of the House of Representatives of the Philippines,Abdullah Dimaporo,Q12961079,2016-06-30,2019-06-30,male,,,,
Member of the House of Representatives of the Philippines,Alfredo Garbin Jr.,Q12961335,2016-06-30,2019-06-30,male,,,,
Member of the House of Representatives of the Philippines,Bai Sandra Sema,Q12961921,2016-06-30,2019-06-30,female,,,,
Member of the House of Representatives of the Philippines,Bernadette Herrera-Dy,Q12962114,2016-06-30,2019-06-30,female,,,,
Member of the House of Representatives of the Philippines,Carlito Marquez,Q12962515,2016-06-30,2019-06-30,male,1942-07-21,,Marquez Carlito Samson.png,Carlito Marquez
Member of the House of Representatives of the Philippines,Charlie Cojuangco,Q12962523,2016-06-30,2019-06-30,male,1963-04-14,2022-02-22,,
Member of the House of Representatives of the Philippines,Celso Lobregat,Q12962647,2016-06-30,2019-06-30,male,1948-03-20,,,Celso Lobregat
Member of the House of Representatives of the Philippines,Cesar Sarmiento,Q12962665,2016-06-30,2019-06-30,male,,,,
Member of the House of Representatives of the Philippines,Christopher Co,Q12962852,2016-06-30,2019-06-30,male,,,,
Member of the House of Representatives of the Philippines,Deogracias Ramos Jr.,Q12963299,2016-06-30,2019-06-30,,,,,
Member of the House of Representatives of the Philippines,Eric Singson,Q12963761,2016-06-30,2019-06-30,male,,,,
Member of the House of Representatives of the Philippines,Fernando Gonzalez,Q12963933,2016-06-30,2019-06-30,male,,,,
Member of the House of Representatives of the Philippines,Henedina Abad,Q12964580,2016-06-30,2017-10-08,female,1955-01-26,2017-10-08,,Henedina Abad
Member of the House of Representatives of the Philippines,Jesus Celeste,Q12965265,2016-06-30,2019-06-30,male,,,,
Member of the House of Representatives of the Philippines,Jorge Banal,Q12965407,2016-06-30,2019-06-30,male,,,,
Member of the House of Representatives of the Philippines,Jorge Almonte,Q12965416,2016-06-30,2019-06-30,male,,,,
Member of the House of Representatives of the Philippines,Karlo Alexei Nograles,Q12965820,2016-06-30,2018-11-05,male,1976-09-03,,KN.png,Karlo Nograles
Member of the House of Representatives of the Philippines,Leopoldo Bataoil,Q12967211,2016-06-30,2019-06-30,male,,,,
Member of the House of Representatives of the Philippines,Linabelle Ruth Villarica,Q12967276,2016-06-30,2019-06-30,female,,,,
Member of the House of Representatives of the Philippines,Maximo Rodriguez Jr.,Q12967915,2016-06-30,2019-06-30,male,,,,
Member of the House of Representatives of the Philippines,Melecio Yap Jr.,Q12967960,2016-06-30,2019-06-30,,,,,
Member of the House of Representatives of the Philippines,Mercedes Alvarez,Q12967978,2016-06-30,2019-06-30,female,,,Seal of the Philippine House of Representatives.svg,Mercedes Alvarez (politician)
Member of the House of Representatives of the Philippines,Michael John Duavit,Q12968065,2016-06-30,2019-06-30,male,1970-02-20,,,
Member of the House of Representatives of the Philippines,Milagrosa Tan,Q12968135,2016-06-30,2019-06-30,female,1958-02-24,2019-11-30,HoR Official Portrait of Milagrosa Tan.jpg,Milagrosa Tan
Member of the House of Representatives of the Philippines,Mylene Garcia-Albano,Q12968454,2016-06-30,2019-06-30,female,,,,
Member of the House of Representatives of the Philippines,Nancy Catamco,Q12968514,2016-06-30,2019-06-30,female,1969-06-19,,HoR Portrait of Nancy Catamco.jpg,Nancy Catamco
Member of the House of Representatives of the Philippines,Napoleon Dy,Q12968534,2016-06-30,2019-06-30,male,,,,
Member of the House of Representatives of the Philippines,Paolo Everardo Javier,Q12969181,2016-06-30,2019-06-30,male,,,,
Member of the House of Representatives of the Philippines,Peter Unabia,Q12969408,2016-06-30,2019-06-30,male,,,,
Member of the House of Representatives of the Philippines,Randolph Ting,Q12969800,2016-06-30,2019-06-30,male,,,Ting-rs.png,Randolph Ting
Member of the House of Representatives of the Philippines,Raul Daza,Q12969815,2016-06-30,2019-06-30,male,1935-05-02,,,Raul Daza
Member of the House of Representatives of the Philippines,Raymond Democrito Mendoza,Q12969824,2016-06-30,2019-06-30,male,,,,
Member of the House of Representatives of the Philippines,Renato Unico Jr.,Q12969886,2016-06-30,2019-06-30,male,,,,
Member of the House of Representatives of the Philippines,Reynaldo Umali,Q12969927,2016-06-30,2019-06-30,,,,,
Member of the House of Representatives of the Philippines,Rodante Marcoleta,Q12970071,2016-06-30,2019-06-30,male,1953-07-29,,,Rodante Marcoleta
Member of the House of Representatives of the Philippines,Rodolfo Fariñas,Q12970074,2016-06-30,2019-06-30,male,1951-09-05,,,Rodolfo Fariñas
Member of the House of Representatives of the Philippines,Rogelio Espina,Q12970085,2016-06-30,2019-06-30,male,1960,,HoR Official Portrait Rogelio Espina.jpg,Rogelio Espina
Member of the House of Representatives of the Philippines,Roger Mercado,Q12970094,2016-06-30,2019-06-30,male,,,,
Member of the House of Representatives of the Philippines,Ronaldo Zamora,Q12970122,2016-06-30,2019-06-30,male,1944-12-04,,Ronaldo Zamora (cropped).jpg,Ronaldo Zamora
Member of the House of Representatives of the Philippines,Rosenda Ann Ocampo,Q12970151,2016-06-30,2019-06-30,female,,,,
Member of the House of Representatives of the Philippines,Scott Davies Lanete,Q12970779,2016-06-30,2019-06-30,male,,,,
Member of the House of Representatives of the Philippines,Victor Yap,Q12972409,2016-06-30,2019-06-30,male,,,,
Member of the House of Representatives of the Philippines,Yul Servo,Q12972881,2016-06-30,2019-06-30,male,1980,,,Yul Servo
Member of the House of Representatives of the Philippines,Joet Garcia,Q150054,2016-06-30,2019-06-30,male,1971-11-12,,Congressman Jose Enrique S. Garcia III (cropped).jpg,Joet Garcia
Member of the House of Representatives of the Philippines,Sol Aragones,Q16149679,2016-06-30,2019-06-30,female,1977-11-06,,HoR Official Portrait Sol Aragones.jpg,Sol Aragones
Member of the House of Representatives of the Philippines,Erico Aristotle Aumentado,Q16150268,2016-06-30,2019-06-30,male,1977-12-29,,ArisAumentado.png,Erico Aristotle Aumentado
Member of the House of Representatives of the Philippines,Jose I. Tejada,Q16192880,2016-06-30,2019-06-30,male,1958-06-10,,HoR Official Portrait Jose Tejada.jpg,Jose Tejada
Member of the House of Representatives of the Philippines,Raneo Abu,Q16197189,2016-06-30,2019-06-30,male,1967,,HoR Official Portrait Raneo Abu.jpg,Raneo Abu
Member of the House of Representatives of the Philippines,Sitti Djalia Turabin,Q16886227,2016-06-30,2017-10-02,female,1976-11-26,,,Sitti Djalia Turabin
Member of the House of Representatives of the Philippines,Mikee Romero,Q16935127,2016-06-30,2019-06-30,male,1971-03-21,,Rep. Mikee Romero (18th Congress PH).jpg,Mikee Romero
Member of the House of Representatives of the Philippines,Alfredo Abelardo Benitez,Q17370900,2016-06-30,2019-06-30,male,,,,
Member of the House of Representatives of the Philippines,Erlpe John Amante,Q17370912,2016-06-30,2019-06-30,male,,,,Erlpe John Amante
Member of the House of Representatives of the Philippines,Antonio Tinio,Q17370935,2016-06-30,2019-06-30,male,,,,Antonio Tinio
Member of the House of Representatives of the Philippines,Arthur Defensor Jr.,Q17370945,2016-06-30,2019-06-30,male,1969-10-08,,"HoR Official Portrait of Arthur Defensor, Jr.jpg",Arthur Defensor Jr.
Member of the House of Representatives of the Philippines,Carlo Lopez,Q17370991,2016-06-30,2019-06-30,male,,,,
Member of the House of Representatives of the Philippines,Ronald Cosalan,Q17371015,2016-06-30,2019-06-30,male,,,,
Member of the House of Representatives of the Philippines,Ben Evardone,Q17371063,2016-06-30,2019-06-30,male,,,HoR Official Portrait of Ben Evardone.jpg,
Member of the House of Representatives of the Philippines,Luis Ferrer IV,Q17371068,2016-06-30,2019-06-30,male,,,,
Member of the House of Representatives of the Philippines,Florencio Flores Jr.,Q17371073,2016-06-30,2019-06-30,,,,,
Member of the House of Representatives of the Philippines,Aurelio Gonzales Jr.,Q17371085,2016-06-30,2019-06-30,male,1964-10-27,,"Rep. Aurelio Gonzales, Jr. (18th Congress PH).jpg",Aurelio Gonzales Jr.
Member of the House of Representatives of the Philippines,Ann Hofer,Q17371094,2016-06-30,2019-06-30,female,1967-06-03,,Rep. Ann K. Hofer.jpg,Dulce Ann Hofer
Member of the House of Representatives of the Philippines,Jerry Treñas,Q17371100,2016-06-30,2019-06-30,male,,,,
Member of the House of Representatives of the Philippines,Jose Carlos Cari,Q17371112,2016-06-30,2019-06-30,male,,,,
Member of the House of Representatives of the Philippines,Roy Loyola,Q17371149,2016-06-30,2019-06-30,male,,,,
Member of the House of Representatives of the Philippines,Suharto Mangudadatu,Q17371166,2016-06-30,2019-06-30,male,,,HoR Official Portrait of Suharto Mangudadatu.jpg,Suharto Mangudadatu
Member of the House of Representatives of the Philippines,Mark Villar,Q17371175,2016-06-30,2016-08-01,male,1978-08-14,,Mark A. Villar dpwh portrait.png,Mark Villar
Member of the House of Representatives of the Philippines,Rodel Batocabe,Q17371250,2016-06-30,2018-12-22,male,1966-04-25,2018-12-22,,Rodel Batocabe
Member of the House of Representatives of the Philippines,Isidro Rodriguez,Q17371255,2016-06-30,2019-06-30,male,,,,
Member of the House of Representatives of the Philippines,Salvio Fortuno,Q17371267,2016-06-30,2019-06-30,male,,,,
Member of the House of Representatives of the Philippines,Josephine Sato,Q17371286,2016-06-30,2019-06-30,female,1954-04-29,,Congresswoman Josephine Ramirez-Sato 2017.jpg,Josephine Sato
Member of the House of Representatives of the Philippines,Danilo Suarez,Q17371295,2016-06-30,2019-06-30,male,1942-12-20,,HoR Official Portrait - Danilo Suarez.jpg,Danilo Suarez
Member of the House of Representatives of the Philippines,Jocelyn Sy-Limkaichong,Q17371298,2016-06-30,2019-06-30,female,,,,
Member of the House of Representatives of the Philippines,Winston Castelo,Q17371350,2016-06-30,2019-06-30,male,,,,
Member of the House of Representatives of the Philippines,Carlos Isagani Zarate,Q18062098,2016-06-30,2019-06-30,male,1967-05-14,,Carlos Zarate in 2017.jpg,Carlos Isagani Zarate
Member of the House of Representatives of the Philippines,Yedda Marie Romualdez,Q20582527,2016-06-30,2019-06-30,female,,,,
Member of the House of Representatives of the Philippines,Henry Ong,Q21063568,2016-06-30,2019-06-30,male,1949-11-23,2018-09-29,,Henry Ong
Member of the House of Representatives of the Philippines,"Rolando Andaya, Jr.",Q2163117,2016-06-30,2019-06-30,male,1969-03-10,,Camarines Sur Rep. Rolando Andaya gives a statement to the media (cropped).jpg,Rolando Andaya Jr.
Member of the House of Representatives of the Philippines,Teddy Baguilat,Q2194971,2016-06-30,2019-06-30,male,1966-07-30,,Teddy Baguilat.jpg,Teddy Baguilat
Member of the House of Representatives of the Philippines,Vilma Santos,Q2197580,2016-06-30,2019-06-30,female,1953-11-03,,Governor Vilma Santos-Recto.jpg,Vilma Santos
Member of the House of Representatives of the Philippines,Harry Roque,Q23303083,2016-06-30,2017-11-06,male,1966-10-21,,Harry Roque in 2017 - 2017111-ph01-ALCAIN-1 (cropped).jpg,Harry Roque
Member of the House of Representatives of the Philippines,Deogracias Savellano,Q2348352,2016-06-30,2019-06-30,male,1959-11-25,,,Deogracias Victor Savellano
Member of the House of Representatives of the Philippines,Frederick Abueg,Q23874335,2016-06-30,2019-06-30,male,,,,
Member of the House of Representatives of the Philippines,Ramon Nolasco,Q24206149,2016-06-30,2019-06-30,male,1949-07-21,,,Ramon Nolasco
Member of the House of Representatives of the Philippines,Pantaleon Alvarez,Q24239770,2016-06-30,2019-06-30,male,1958-01-10,,Pantaleon Alvarez.jpg,Pantaleon Alvarez
Member of the House of Representatives of the Philippines,Geraldine Roman,Q24250858,2016-06-30,2019-06-30,female,1967,,HoR Official Portrait Geraldine Roman.jpg,Geraldine Roman
Member of the House of Representatives of the Philippines,"Feliciano Belmonte, Jr.",Q2510441,2016-06-30,2019-06-30,male,1936-10-02,,Feliciano Belmonte Jr - 2016 (cropped).jpg,Feliciano Belmonte Jr.
Member of the House of Representatives of the Philippines,Mark Aeron Sambar,Q25558617,2016-06-30,2019-06-30,male,,,,
Member of the House of Representatives of the Philippines,Gabriel Bordado,Q25663342,2016-06-30,2019-06-30,male,1955-02-15,,Gabriel-bordado-jr.jpg,Gabriel Bordado
Member of the House of Representatives of the Philippines,Lito Atienza,Q2648928,2016-06-30,2019-06-30,male,1941-08-10,,"Rep. Lito Atienza, Jr (18th Congress PH).jpg",Lito Atienza
Member of the House of Representatives of the Philippines,Christopher de Venecia,Q26923890,2016-06-30,2019-06-30,male,1986-10-27,,,Christopher de Venecia
Member of the House of Representatives of the Philippines,Gwendolyn Garcia,Q2720262,2016-06-30,2019-06-30,female,1955-10-12,,Gwen1 20011 Haarry Wad.jpg,Gwendolyn Garcia
Member of the House of Representatives of the Philippines,Imelda Marcos,Q285536,2016-06-30,2019-06-30,female,1929-07-02,,Imelda Marcos.jpg,Imelda Marcos
Member of the House of Representatives of the Philippines,Abraham Tolentino,Q330656,2016-06-30,2019-06-30,male,1964-02-23,,Abraham Tolentino (crop).jpg,Abraham Tolentino
Member of the House of Representatives of the Philippines,Monsour del Rosario,Q3543427,2016-06-30,2019-06-30,male,1965-05-11,,Monsour Del Rosario III 2016.jpg,Monsour del Rosario
Member of the House of Representatives of the Philippines,Bayani Fernando,Q3543566,2016-06-30,2019-06-30,male,1946-07-25,,Bayani Fernando.jpg,Bayani Fernando
Member of the House of Representatives of the Philippines,Joey Salceda,Q3550210,2016-06-30,2019-06-30,male,1961-10-26,,Joey Salceda of Albay.JPG,Joey Salceda
Member of the House of Representatives of the Philippines,Strike Revilla,Q3550636,2016-06-30,2019-06-30,male,1970-03-02,,Strike Revilla (18th Congress).jpg,Strike Revilla
Member of the House of Representatives of the Philippines,Pia Cayetano,Q442998,2016-06-30,2019-06-30,female,1966-03-22,,PIA NEW PROFILE PIC 2.JPG,Pia Cayetano
Member of the House of Representatives of the Philippines,"Amado Espino, Jr.",Q452102,2016-06-30,2019-06-30,male,1948-06-20,,Fb-bikini-universe-660x639 (cropped).jpg,Amado Espino Jr.
Member of the House of Representatives of the Philippines,Munir Arbison,Q4666167,2016-06-30,2019-06-30,male,1957-11-12,,Rep. Abdulmunir Arbison (18th Congress PH).jpg,Abdulmunir Mundoc Arbison
Member of the House of Representatives of the Philippines,Alfred Vargas,Q4723556,2016-06-30,2019-06-30,male,1981-10-24,,Rep. Alfred Vargas (18th Congress PH).jpg,Alfred Vargas
Member of the House of Representatives of the Philippines,Conrado Estrella III,Q475303,2016-06-30,2019-06-30,male,1960-09-12,,,Conrado Estrella III
Member of the House of Representatives of the Philippines,Arlene B. Arcillas,Q4792135,2016-06-30,2019-06-30,female,1969-07-31,,,Arlene B. Arcillas
Member of the House of Representatives of the Philippines,Arnel Cerafica,Q4794715,2016-06-30,2019-06-30,male,,,ArnelCerafica.jpg,Arnel Cerafica
Member of the House of Representatives of the Philippines,Arnulfo Fuentebella,Q4795443,2016-06-30,2019-06-30,male,1945-10-29,2020-09-09,Fuentebella-f.jpg,Arnulfo Fuentebella
Member of the House of Representatives of the Philippines,Aurora Enerio-Cerilles,Q4822523,2016-06-30,2019-06-30,female,1949-09-17,,Portrait of Rep.Aurora Cerilles.webp,Aurora E. Cerilles
Member of the House of Representatives of the Philippines,Bellaflor Angara-Castillo,Q4883409,2016-06-30,2019-06-30,female,1939-09-14,,Bella Angara.jpg,Bella Angara
Member of the House of Representatives of the Philippines,Benhur Salimbangon,Q4887876,2016-06-30,2019-06-30,male,1945-06-03,2020-12-24,,Benhur Salimbangon
Member of the House of Representatives of the Philippines,"Pedro Acharon, Jr.",Q5149156,2016-06-30,2019-06-30,male,1958-02-08,,,
Member of the House of Representatives of the Philippines,Corazon Nunez-Malanyaon,Q5169661,2016-06-30,2019-06-30,female,1949-08-22,,Benigno S. Aquino III greets Corazon Malanyaon (cropped).jpg,Corazon Nuñez Malanyaon
Member of the House of Representatives of the Philippines,Dakila Cua,Q5209949,2016-06-30,2019-06-30,male,,,HoR Official Portrait - Dakilo Carlo Cua.jpg,Dakila Cua
Member of the House of Representatives of the Philippines,Edcel Lagman,Q5335744,2016-06-30,2019-06-30,male,1942-05-01,,Rep. Edcel Lagman (18th Congress PH).jpg,Edcel Lagman
Member of the House of Representatives of the Philippines,Eileen Ermita-Buhain,Q5349360,2016-06-30,2019-06-30,female,1969-05-12,,HoR Official Portrait Elenita Milagros Ermita-Buhain.jpg,Eileen Ermita-Buhain
Member of the House of Representatives of the Philippines,Elisa Olga Kho,Q5361378,2016-06-30,2019-06-30,female,,,,Elisa Olga Kho
Member of the House of Representatives of the Philippines,Ricardo Belmonte,Q54098007,2016-06-30,2019-06-30,male,1965,,,Ricardo Belmonte
Member of the House of Representatives of the Philippines,Federico Sandoval II,Q5441063,2016-06-30,2019-06-30,male,1963-05-04,,,Ricky Sandoval
Member of the House of Representatives of the Philippines,Ferjenel Biron,Q5444340,2016-06-30,2019-06-30,male,1964-12-24,,,Ferjenel Biron
Member of the House of Representatives of the Philippines,Fredenil Castro,Q5496959,2016-06-30,2019-06-30,male,1951-04-27,,HoR Official Portrait Fredenil Castro - 18th Congress.jpg,Fredenil Castro
Member of the House of Representatives of the Philippines,Emmi de Jesus,Q56043681,2016-06-30,2019-06-30,female,,,,Emmi de Jesus
Member of the House of Representatives of the Philippines,Ansaruddin Alonto Adiong,Q568929,2016-06-30,2019-06-30,male,,,,Ansaruddin Alonto Adiong
Member of the House of Representatives of the Philippines,Francis Gerald A. Abaya,Q57067691,2016-06-30,2019-06-30,male,1975-09-15,,,Francis Gerald Abaya
Member of the House of Representatives of the Philippines,Harlin Neil J. Abayon III,Q59513204,2016-06-30,2019-06-30,,,,,
Member of the House of Representatives of the Philippines,Rodrigo A. Abellanosa,Q59513272,2016-06-30,2019-06-30,male,1961-12-02,,HoR Official Portrait Rodrigo Abellanosa.jpg,Rodrigo Abellanosa
Member of the House of Representatives of the Philippines,Gil P. Acosta,Q59513321,2016-06-30,2019-06-30,male,,,,
Member of the House of Representatives of the Philippines,Ma. Lourdes Acosta-Alba,Q59513375,2016-06-30,2019-06-30,female,,,,
Member of the House of Representatives of the Philippines,Alex Advincula,Q59513443,2016-06-30,2019-06-30,,,,,
Member of the House of Representatives of the Philippines,Benjamin C. Agarao Jr.,Q59514413,2016-06-30,2019-06-30,male,,,,
Member of the House of Representatives of the Philippines,Ma. Lourdes R. Aggabao,Q59514534,2016-06-30,2019-06-30,female,,,,
Member of the House of Representatives of the Philippines,Emmeline Aglipay-Villar,Q59514654,2016-06-30,2018-07-11,,,,,
Member of the House of Representatives of the Philippines,Rodolfo T. Albano III,Q59514714,2016-06-30,2019-06-30,male,,,HoR Official Portrait - Rodolfo Albano III.jpg,Rodolfo Albano III
Member of the House of Representatives of the Philippines,Gary C. Alejano,Q59514896,2016-06-30,2019-06-30,,,,,
Member of the House of Representatives of the Philippines,Joel Mayo Z. Almario,Q59515093,2016-06-30,2019-06-30,male,,,,
Member of the House of Representatives of the Philippines,Marlyn B. Alonte,Q59515160,2016-06-30,2019-06-30,,,,,
Member of the House of Representatives of the Philippines,Franz Alvarez,Q59515481,2016-06-30,2019-06-30,male,,,,
Member of the House of Representatives of the Philippines,Isagani S. Amatong,Q59515565,2016-06-30,2019-06-30,male,1940-10-19,,,Isagani Amatong
Member of the House of Representatives of the Philippines,Magnolia C. Antonino,Q59515680,2016-06-30,2019-06-30,,,,,
Member of the House of Representatives of the Philippines,Michelle M. Antonio,Q59515741,2016-06-30,2019-06-30,female,,,,
Member of the House of Representatives of the Philippines,Milagros Aquino-Magsaysay,Q59515826,2016-06-30,2019-06-30,,,,,
Member of the House of Representatives of the Philippines,Jennifer Austria Barzaga,Q59515955,2016-06-30,2019-06-30,female,,,,
Member of the House of Representatives of the Philippines,Jonas Cortes,Q6272048,2016-06-30,2019-06-30,male,1966-07-20,,HoR Official Portrait Jonas Cortes.jpg,Jonas Cortes
Member of the House of Representatives of the Philippines,Jum Jainudin Akbar,Q6310694,2016-06-30,2016-11-11,female,1963-09-03,2016-11-11,,Jum Jainudin Akbar
Member of the House of Representatives of the Philippines,Jun Chipeco,Q6311441,2016-06-30,2019-06-30,male,1942-08-15,,HoR Official Portrait Joaquin Chipeco Jr.jpg,Jun Chipeco
Member of the House of Representatives of the Philippines,Kaka Bag-ao,Q6349093,2016-06-30,2019-06-30,female,1969-07-03,,Kaka Bag-ao (cropped).jpg,Kaka Bag-ao
Member of the House of Representatives of the Philippines,Zajid Mangudadatu,Q63965202,2016-06-30,2019-06-30,male,1975-10-10,,,
Member of the House of Representatives of the Philippines,Edwin Ongchuan,Q66057572,2016-06-30,2019-06-30,male,1968-03-03,,HoR Official Portrait of Edwing Ong.jpg,Edwin Ongchuan
Member of the House of Representatives of the Philippines,Cristal Bagatsing,Q66776960,2016-06-30,2019-06-30,,,,,
Member of the House of Representatives of the Philippines,Lorna Bautista-Bandigan,Q66776968,2016-06-30,2019-06-30,,,,,
Member of the House of Representatives of the Philippines,Jose Christopher Belmonte,Q66776969,2016-06-30,2019-06-30,,,,,
Member of the House of Representatives of the Philippines,Emmanuel Billones,Q66776973,2016-06-30,2019-06-30,,,,,
Member of the House of Representatives of the Philippines,Lianda Bolilia,Q66776975,2016-06-30,2019-06-30,,,,,
Member of the House of Representatives of the Philippines,Juan Pablo Bondoc,Q66776976,2016-06-30,2019-06-30,male,,,,
Member of the House of Representatives of the Philippines,Arlene Brosas,Q66776979,2016-06-30,2019-06-30,female,,,,Arlene Brosas
Member of the House of Representatives of the Philippines,Mercedes Cagas,Q66776985,2016-06-30,2019-06-30,female,,,,
Member of the House of Representatives of the Philippines,Peter John Calderon,Q66776986,2016-06-30,2019-06-30,male,1961-03-27,,HoR Official Portrait Peter John Calderon.jpg,Peter John Calderon
Member of the House of Representatives of the Philippines,Wilfredo Caminero,Q66776988,2016-06-30,2019-06-30,male,1954-10-12,,HoR Official Portrait Wilfredo Caminero.jpg,Wilfredo Caminero
Member of the House of Representatives of the Philippines,Luis Campos Jr.,Q66776990,2016-06-30,2019-06-30,,,,,
Member of the House of Representatives of the Philippines,Sabiniano Canama,Q66776991,2016-06-30,2019-06-30,,,,,
Member of the House of Representatives of the Philippines,France Castro,Q66776994,2016-06-30,2019-06-30,female,1966,,,France Castro
Member of the House of Representatives of the Philippines,Ma. Theresa Collantes,Q66776998,2016-06-30,2019-06-30,female,,,,
Member of the House of Representatives of the Philippines,Leo Rafael Cueva,Q66777000,2016-06-30,2019-06-30,,,,,
Member of the House of Representatives of the Philippines,Manuel Jose Dalipe,Q66777004,2016-06-30,2019-06-30,male,,,,
Member of the House of Representatives of the Philippines,Cheryl Deloso-Montalla,Q66777009,2016-06-30,2019-06-30,female,,,,
Member of the House of Representatives of the Philippines,Mohamad Khalid Dimaporo,Q66777010,2016-06-30,2019-06-30,male,,,,
Member of the House of Representatives of the Philippines,Sarah Jane Elago,Q66777017,2016-06-30,2019-06-30,female,1990-10-18,,HoR Official Portrait Sarah Jane Elago.jpg,Sarah Elago
Member of the House of Representatives of the Philippines,Edgar Erice,Q66777018,2016-06-30,2019-06-30,,,,,
Member of the House of Representatives of the Philippines,Sandra Eriguel,Q66777019,2016-06-30,2019-06-30,,,,,
Member of the House of Representatives of the Philippines,Evelina Escudero,Q66777021,2016-06-30,2019-06-30,,,,,
Member of the House of Representatives of the Philippines,Ciriaco Calalang,Q56703266,2018-01-20,2018-09-23,male,1951,2018-09-23,,Ciriaco Calalang
Member of the House of Representatives of the Philippines,Paul P. Hernandez,Q57127946,2018-10-03,2019-06-30,male,,,,
Member of the House of Representatives of the Philippines,Romeo Jalosjos Jr.,Q104839501,2019-06-30,,male,1971-11-04,,,Romeo Jalosjos Jr.
Member of the House of Representatives of the Philippines,Lucy Torres-Gomez,Q11845136,2019-06-30,,female,1974-12-11,,Chairperson Rep. Lucy Torres-Gomez (cropped).jpg,Lucy Torres-Gomez
Member of the House of Representatives of the Philippines,Esmael Mangudadatu,Q126116,2019-06-30,,male,1968-08-15,,Maguindanao Gov. Toto Mangudadatu (cropped).jpg,Esmael Mangudadatu
Member of the House of Representatives of the Philippines,Abdullah Dimaporo,Q12961079,2019-06-30,,male,,,,
Member of the House of Representatives of the Philippines,Alfonso Umali Jr.,Q12961333,2019-06-30,,male,,,,
Member of the House of Representatives of the Philippines,Alfredo Garbin Jr.,Q12961335,2019-06-30,,male,,,,
Member of the House of Representatives of the Philippines,Bernadette Herrera-Dy,Q12962114,2019-06-30,,female,,,,
Member of the House of Representatives of the Philippines,Carlito Marquez,Q12962515,2019-06-30,,male,1942-07-21,,Marquez Carlito Samson.png,Carlito Marquez
Member of the House of Representatives of the Philippines,Charlie Cojuangco,Q12962523,2019-06-30,2022-02-22,male,1963-04-14,2022-02-22,,
Member of the House of Representatives of the Philippines,Eleandro Jesus Madrona,Q12963623,2019-06-30,,female,,,,
Member of the House of Representatives of the Philippines,Faustino Michael Carlos Dy III,Q12963917,2019-06-30,,male,,,,
Member of the House of Representatives of the Philippines,John Rey Tiangco,Q12965382,2019-06-30,,male,1972-11-21,,HoR Official Portrait John Reynald Tiangco.jpg,John Rey Tiangco
Member of the House of Representatives of the Philippines,Jose Ong Jr.,Q12965442,2019-06-30,,male,,,,
Member of the House of Representatives of the Philippines,Junie Cua,Q12965590,2019-06-30,,,,,,
Member of the House of Representatives of the Philippines,Michael John Duavit,Q12968065,2019-06-30,,male,1970-02-20,,,
Member of the House of Representatives of the Philippines,Nestor Fongwan,Q12968602,2019-06-30,2019-12-18,male,,2019-12-18,,
Member of the House of Representatives of the Philippines,Paul Daza,Q12969340,2019-06-30,,male,,,,
Member of the House of Representatives of the Philippines,Raymond Democrito Mendoza,Q12969824,2019-06-30,,male,,,,
Member of the House of Representatives of the Philippines,Rodante Marcoleta,Q12970071,2019-06-30,,male,1953-07-29,,,Rodante Marcoleta
Member of the House of Representatives of the Philippines,Rodolfo B. Albano,Q12970075,2019-06-30,2019-11-05,male,1934-03-27,2019-11-05,,
Member of the House of Representatives of the Philippines,Romeo Jalosjos Jr.,Q12970110,2019-06-30,,male,,,,
Member of the House of Representatives of the Philippines,Ronaldo Zamora,Q12970122,2019-06-30,,male,1944-12-04,,Ronaldo Zamora (cropped).jpg,Ronaldo Zamora
Member of the House of Representatives of the Philippines,Solomon Chungalao,Q12971191,2019-06-30,,male,,,,
Member of the House of Representatives of the Philippines,Victor Yap,Q12972409,2019-06-30,,male,,,,
Member of the House of Representatives of the Philippines,Yul Servo,Q12972881,2019-06-30,,male,1980,,,Yul Servo
Member of the House of Representatives of the Philippines,Joet Garcia,Q150054,2019-06-30,,male,1971-11-12,,Congressman Jose Enrique S. Garcia III (cropped).jpg,Joet Garcia
Member of the House of Representatives of the Philippines,Sol Aragones,Q16149679,2019-06-30,,female,1977-11-06,,HoR Official Portrait Sol Aragones.jpg,Sol Aragones
Member of the House of Representatives of the Philippines,Erico Aristotle Aumentado,Q16150268,2019-06-30,,male,1977-12-29,,ArisAumentado.png,Erico Aristotle Aumentado
Member of the House of Representatives of the Philippines,Jose I. Tejada,Q16192880,2019-06-30,,male,1958-06-10,,HoR Official Portrait Jose Tejada.jpg,Jose Tejada
Member of the House of Representatives of the Philippines,Raneo Abu,Q16197189,2019-06-30,,male,1967,,HoR Official Portrait Raneo Abu.jpg,Raneo Abu
Member of the House of Representatives of the Philippines,Precious Hipolito,Q16209071,2019-06-30,,female,1978-07-01,,HoR Official Portrait Precious Hipolito Castelo.jpg,Precious Hipolito
Member of the House of Representatives of the Philippines,Mikee Romero,Q16935127,2019-06-30,,male,1971-03-21,,Rep. Mikee Romero (18th Congress PH).jpg,Mikee Romero
Member of the House of Representatives of the Philippines,Genaro Alvarez Jr.,Q17370909,2019-06-30,,,,,,
Member of the House of Representatives of the Philippines,Angelica Amante-Matba,Q17370922,2019-06-30,,female,1970-04-16,,Ma. Angelica Rosedell Amante-Matba - 2017 (cropped).jpg,Angelica Amante
Member of the House of Representatives of the Philippines,Wilfrido Mark Enverga,Q17371046,2019-06-30,,,,,,
Member of the House of Representatives of the Philippines,Luis Ferrer IV,Q17371068,2019-06-30,,male,,,,
Member of the House of Representatives of the Philippines,Aurelio Gonzales Jr.,Q17371085,2019-06-30,,male,1964-10-27,,"Rep. Aurelio Gonzales, Jr. (18th Congress PH).jpg",Aurelio Gonzales Jr.
Member of the House of Representatives of the Philippines,Ann Hofer,Q17371094,2019-06-30,,female,1967-06-03,,Rep. Ann K. Hofer.jpg,Dulce Ann Hofer
Member of the House of Representatives of the Philippines,Florencio Noel,Q17371200,2019-06-30,,male,,,,
Member of the House of Representatives of the Philippines,Martin Romualdez,Q17371261,2019-06-30,,male,1963-11-14,,Rep. Ferdinand Romualdez (18th Congress PH).jpg,Martin Romualdez
Member of the House of Representatives of the Philippines,Roman Romulo,Q17371262,2019-06-30,,male,1967-02-28,,Roman Romulo portrait.jpg,Roman Romulo
Member of the House of Representatives of the Philippines,Josephine Sato,Q17371286,2019-06-30,,female,1954-04-29,,Congresswoman Josephine Ramirez-Sato 2017.jpg,Josephine Sato
Member of the House of Representatives of the Philippines,Jocelyn Sy-Limkaichong,Q17371298,2019-06-30,,female,,,,
Member of the House of Representatives of the Philippines,Teodorico Haresco Jr.,Q17371308,2019-06-30,,male,1970-08-12,,Haresco-t.jpg,Teodorico Haresco Jr.
Member of the House of Representatives of the Philippines,Carlos Isagani Zarate,Q18062098,2019-06-30,,male,1967-05-14,,Carlos Zarate in 2017.jpg,Carlos Isagani Zarate
Member of the House of Representatives of the Philippines,Mikey Arroyo,Q1858359,2019-06-30,,male,1969-04-26,,Mikey Macapagal-Arroyo.jpg,Mikey Arroyo
Member of the House of Representatives of the Philippines,Arnie Fuentebella,Q19957821,2019-06-30,,male,1976-01-29,,Rep. Arnulf Bryan Fuentebella (18th Congress PH).jpg,Arnulf Bryan Fuentebella
Member of the House of Representatives of the Philippines,Yedda Marie Romualdez,Q20582527,2019-06-30,,female,,,,
Member of the House of Representatives of the Philippines,Romulo Peña Jr.,Q21208908,2019-06-30,,male,1969-08-05,,,Kid Peña
Member of the House of Representatives of the Philippines,Vilma Santos,Q2197580,2019-06-30,,female,1953-11-03,,Governor Vilma Santos-Recto.jpg,Vilma Santos
Member of the House of Representatives of the Philippines,Edgar Chatto,Q2333506,2019-06-30,,male,1960-02-21,,Edgardo M. Chatto.jpg,Edgar Chatto
Member of the House of Representatives of the Philippines,Deogracias Savellano,Q2348352,2019-06-30,,male,1959-11-25,,,Deogracias Victor Savellano
Member of the House of Representatives of the Philippines,Ramon Nolasco,Q24206149,2019-06-30,,male,1949-07-21,,,Ramon Nolasco
Member of the House of Representatives of the Philippines,Pantaleon Alvarez,Q24239770,2019-06-30,,male,1958-01-10,,Pantaleon Alvarez.jpg,Pantaleon Alvarez
Member of the House of Representatives of the Philippines,Geraldine Roman,Q24250858,2019-06-30,,female,1967,,HoR Official Portrait Geraldine Roman.jpg,Geraldine Roman
Member of the House of Representatives of the Philippines,David C. Suarez,Q24572501,2019-06-30,,male,1977-01-25,,"David ""Jayjay"" C. Suarez.jpg",David C. Suarez
Member of the House of Representatives of the Philippines,Paolo Duterte,Q24851438,2019-06-30,,male,1975-03-24,,Paolo Duterte.jpg,Paolo Duterte
Member of the House of Representatives of the Philippines,Gabriel Bordado,Q25663342,2019-06-30,,male,1955-02-15,,Gabriel-bordado-jr.jpg,Gabriel Bordado
Member of the House of Representatives of the Philippines,Lito Atienza,Q2648928,2019-06-30,,male,1941-08-10,,"Rep. Lito Atienza, Jr (18th Congress PH).jpg",Lito Atienza
Member of the House of Representatives of the Philippines,Eddie Villanueva,Q2691827,2019-06-30,,male,1946-10-06,,Eddie Villanueva Official Portrait - 18th Congress.jpg,Eddie Villanueva
Member of the House of Representatives of the Philippines,Christopher de Venecia,Q26923890,2019-06-30,,male,1986-10-27,,,Christopher de Venecia
Member of the House of Representatives of the Philippines,Abraham Tolentino,Q330656,2019-06-30,,male,1964-02-23,,Abraham Tolentino (crop).jpg,Abraham Tolentino
Member of the House of Representatives of the Philippines,Bayani Fernando,Q3543566,2019-06-30,,male,1946-07-25,,Bayani Fernando.jpg,Bayani Fernando
Member of the House of Representatives of the Philippines,Joey Salceda,Q3550210,2019-06-30,,male,1961-10-26,,Joey Salceda of Albay.JPG,Joey Salceda
Member of the House of Representatives of the Philippines,Strike Revilla,Q3550636,2019-06-30,,male,1970-03-02,,Strike Revilla (18th Congress).jpg,Strike Revilla
Member of the House of Representatives of the Philippines,Loren Legarda,Q446799,2019-06-30,,female,1960-01-28,,Legarda 2008 small.jpg,Loren Legarda
Member of the House of Representatives of the Philippines,Munir Arbison,Q4666167,2019-06-30,,male,1957-11-12,,Rep. Abdulmunir Arbison (18th Congress PH).jpg,Abdulmunir Mundoc Arbison
Member of the House of Representatives of the Philippines,Alan Peter Cayetano,Q471883,2019-06-30,,male,1970-10-28,,Rep. Alan Peter Cayetano (18th Congress PH).jpg,Alan Peter Cayetano
Member of the House of Representatives of the Philippines,Alfred Vargas,Q4723556,2019-06-30,,male,1981-10-24,,Rep. Alfred Vargas (18th Congress PH).jpg,Alfred Vargas
Member of the House of Representatives of the Philippines,Conrado Estrella III,Q475303,2019-06-30,,male,1960-09-12,,,Conrado Estrella III
Member of the House of Representatives of the Philippines,Benny Abante,Q4889930,2019-06-30,,male,1951-07-15,,"Rep. Bienvenido Abante, Jr. (18th Congress PH).jpg",Benny Abante
Member of the House of Representatives of the Philippines,Bobby Pacquiao,Q4926376,2019-06-30,,male,1980-12-12,,Rep. Alberto Pacquiao (18th Congress PH).jpg,Bobby Pacquiao
Member of the House of Representatives of the Philippines,Corazon Nunez-Malanyaon,Q5169661,2019-06-30,,female,1949-08-22,,Benigno S. Aquino III greets Corazon Malanyaon (cropped).jpg,Corazon Nuñez Malanyaon
Member of the House of Representatives of the Philippines,Dan Fernandez,Q5219601,2019-06-30,,male,1958,,HoR Official Portrait Danilo Fernandez.jpg,Danilo Fernandez
Member of the House of Representatives of the Philippines,Edcel Lagman,Q5335744,2019-06-30,,male,1942-05-01,,Rep. Edcel Lagman (18th Congress PH).jpg,Edcel Lagman
Member of the House of Representatives of the Philippines,Eduardo Gullas,Q5340635,2019-06-30,,male,1930-10-13,,HoR Official Portrait Eduardo Gullas.jpg,Eduardo Gullas
Member of the House of Representatives of the Philippines,Eileen Ermita-Buhain,Q5349360,2019-06-30,,female,1969-05-12,,HoR Official Portrait Elenita Milagros Ermita-Buhain.jpg,Eileen Ermita-Buhain
Member of the House of Representatives of the Philippines,"Elias Bulut, Jr.",Q5360461,2019-06-30,,male,1970-05-15,,"Apayao Governor Elias Bulut, Jr (cropped).jpg",Elias Bulut Jr.
Member of the House of Representatives of the Philippines,Elisa Olga Kho,Q5361378,2019-06-30,,female,,,,Elisa Olga Kho
Member of the House of Representatives of the Philippines,"Elpidio Barzaga, Jr.",Q5367306,2019-06-30,,male,1950-03-25,,HoR Official Portrait Elpidio Barzaga Jr.jpg,Elpidio Barzaga Jr.
Member of the House of Representatives of the Philippines,Fredenil Castro,Q5496959,2019-06-30,,male,1951-04-27,,HoR Official Portrait Fredenil Castro - 18th Congress.jpg,Fredenil Castro
Member of the House of Representatives of the Philippines,Gerardo Espina Jr.,Q5550260,2019-06-30,,male,1970-08-07,,HoR Official Portrait Gerardo Espina Jr.jpg,Gerardo Espina Jr.
Member of the House of Representatives of the Philippines,Ansaruddin Alonto Adiong,Q568929,2019-06-30,,male,,,,Ansaruddin Alonto Adiong
Member of the House of Representatives of the Philippines,Francis Gerald A. Abaya,Q57067691,2019-06-30,,male,1975-09-15,,,Francis Gerald Abaya
Member of the House of Representatives of the Philippines,Rodrigo A. Abellanosa,Q59513272,2019-06-30,,male,1961-12-02,,HoR Official Portrait Rodrigo Abellanosa.jpg,Rodrigo Abellanosa
Member of the House of Representatives of the Philippines,Ma. Lourdes Acosta-Alba,Q59513375,2019-06-30,,female,,,,
Member of the House of Representatives of the Philippines,Alex Advincula,Q59513443,2019-06-30,,,,,,
Member of the House of Representatives of the Philippines,Benjamin C. Agarao Jr.,Q59514413,2019-06-30,,male,,,,
Member of the House of Representatives of the Philippines,Joel Mayo Z. Almario,Q59515093,2019-06-30,,male,,,,
Member of the House of Representatives of the Philippines,Marlyn B. Alonte,Q59515160,2019-06-30,,,,,,
Member of the House of Representatives of the Philippines,Franz Alvarez,Q59515481,2019-06-30,,male,,,,
Member of the House of Representatives of the Philippines,Isagani S. Amatong,Q59515565,2019-06-30,,male,1940-10-19,,,Isagani Amatong
Member of the House of Representatives of the Philippines,Isidro Ungab,Q6081048,2019-06-30,,male,1961-05-08,,Rep. Isidro Ungab (18th Congress PH).jpg,Isidro Ungab
Member of the House of Representatives of the Philippines,Janette Garin,Q6153693,2019-06-30,,female,1972-12-11,,HoR Official Portrait Janette Garin.jpg,Janette Garin
Member of the House of Representatives of the Philippines,Jesus Crispin Remulla,Q6188132,2019-06-30,,male,1961-03-31,,Rep. Jesus Crispin Remulla (18th Congress PH).jpg,Jesus Crispin Remulla
Member of the House of Representatives of the Philippines,Ramon V. Guico III,Q62390144,2019-06-30,,male,1975-03-19,,Rvgiii22.jpg,Ramon Guico III
Member of the House of Representatives of the Philippines,Jun Chipeco,Q6311441,2019-06-30,,male,1942-08-15,,HoR Official Portrait Joaquin Chipeco Jr.jpg,Jun Chipeco
Member of the House of Representatives of the Philippines,Lani Cayetano,Q6487031,2019-06-30,,female,1981-12-11,,Taguig Mayor Lani Cayetano (cropped).jpg,Lani Cayetano
Member of the House of Representatives of the Philippines,Cyrille Abueg-Zaldivar,Q66776945,2019-06-30,,,,,,
Member of the House of Representatives of the Philippines,Maria Fe Abunda,Q66776947,2019-06-30,,female,,,,
Member of the House of Representatives of the Philippines,Resurreccion Acop,Q66776948,2019-06-30,2021-05-28,female,1947-11,2021-05-28,,
Member of the House of Representatives of the Philippines,Gil A. Acosta,Q66776949,2019-06-30,,male,,,,Gil Acosta Jr.
Member of the House of Representatives of the Philippines,Tyrone Agabas,Q66776950,2019-06-30,,,,,,
Member of the House of Representatives of the Philippines,Michael Edgar Aglipay,Q66776952,2019-06-30,,male,,,,
Member of the House of Representatives of the Philippines,Antonio Albano,Q66776953,2019-06-30,,male,,,,Tonypet Albano
Member of the House of Representatives of the Philippines,Samantha Louise Vargas Alfonso,Q66776954,2019-06-30,,female,,,,
Member of the House of Representatives of the Philippines,Marissa Andaya,Q66776955,2019-06-30,2020-07-05,female,,2020-07-05,,
Member of the House of Representatives of the Philippines,Rommel Rico Angara,Q66776956,2019-06-30,,,,,,
Member of the House of Representatives of the Philippines,Ma. Lourdes Arroyo,Q66776958,2019-06-30,,female,,,,
Member of the House of Representatives of the Philippines,Leonardo Babasa Jr.,Q66776959,2019-06-30,,male,,,,
Member of the House of Representatives of the Philippines,Cristal Bagatsing,Q66776960,2019-06-30,,,,,,
Member of the House of Representatives of the Philippines,Naealla Rose Bainto-Aguinaldo,Q66776961,2019-06-30,,,,,,
Member of the House of Representatives of the Philippines,Yasser Alonto Balindong,Q66776962,2019-06-30,,,,,,
Member of the House of Representatives of the Philippines,Angelo Marcos Barba,Q66776964,2019-06-30,,male,,,,
Member of the House of Representatives of the Philippines,Julienne Baronda,Q66776965,2019-06-30,,,,,,
Member of the House of Representatives of the Philippines,Alfel Bascug,Q66776966,2019-06-30,,male,,,,Alfel Bascug
Member of the House of Representatives of the Philippines,Claudine Diana Bautista,Q66776967,2019-06-30,,,,,,
Member of the House of Representatives of the Philippines,Lorna Bautista-Bandigan,Q66776968,2019-06-30,,,,,,
Member of the House of Representatives of the Philippines,Jose Christopher Belmonte,Q66776969,2019-06-30,,,,,,
Member of the House of Representatives of the Philippines,Francisco Benitez,Q66776971,2019-06-30,,male,,,,
Member of the House of Representatives of the Philippines,Emmanuel Billones,Q66776973,2019-06-30,,,,,,
Member of the House of Representatives of the Philippines,Braeden John Biron,Q66776974,2019-06-30,,,,,,
Member of the House of Representatives of the Philippines,Lianda Bolilia,Q66776975,2019-06-30,,,,,,
Member of the House of Representatives of the Philippines,Juan Pablo Bondoc,Q66776976,2019-06-30,,male,,,,
Member of the House of Representatives of the Philippines,Arlene Brosas,Q66776979,2019-06-30,,female,,,,Arlene Brosas
Member of the House of Representatives of the Philippines,Jorge Antonio Bustos,Q66776980,2019-06-30,,male,,,,
Member of the House of Representatives of the Philippines,Argel Joseph Cabatbat,Q66776981,2019-06-30,,,,,,
Member of the House of Representatives of the Philippines,Manuel Cabochan III,Q66776982,2019-06-30,,,,,,
Member of the House of Representatives of the Philippines,Fernando Cabredo,Q66776984,2019-06-30,,,,,,
Member of the House of Representatives of the Philippines,Mercedes Cagas,Q66776985,2019-06-30,,female,,,,
Member of the House of Representatives of the Philippines,Peter John Calderon,Q66776986,2019-06-30,,male,1961-03-27,,HoR Official Portrait Peter John Calderon.jpg,Peter John Calderon
Member of the House of Representatives of the Philippines,Antonino Calixto,Q66776987,2019-06-30,,,,,,
Member of the House of Representatives of the Philippines,Wilfredo Caminero,Q66776988,2019-06-30,,male,1954-10-12,,HoR Official Portrait Wilfredo Caminero.jpg,Wilfredo Caminero
Member of the House of Representatives of the Philippines,Luis Campos Jr.,Q66776990,2019-06-30,,,,,,
Member of the House of Representatives of the Philippines,Sabiniano Canama,Q66776991,2019-06-30,,,,,,
Member of the House of Representatives of the Philippines,Rudy Caoagdan,Q66776992,2019-06-30,,,,,,
Member of the House of Representatives of the Philippines,Carl Nicolas Cari,Q66776993,2019-06-30,,male,,,,
Member of the House of Representatives of the Philippines,France Castro,Q66776994,2019-06-30,,female,1966,,,France Castro
Member of the House of Representatives of the Philippines,Arnold Celeste,Q66776995,2019-06-30,,,,,,
Member of the House of Representatives of the Philippines,Angelica Natasha Co,Q66776996,2019-06-30,,,,,,
Member of the House of Representatives of the Philippines,Elizaldy Co,Q66776997,2019-06-30,,,,,,
Member of the House of Representatives of the Philippines,Ma. Theresa Collantes,Q66776998,2019-06-30,,female,,,,
Member of the House of Representatives of the Philippines,Anthony Peter Crisologo,Q66776999,2019-06-30,,,,,,
Member of the House of Representatives of the Philippines,Leo Rafael Cueva,Q66777000,2019-06-30,,,,,,
Member of the House of Representatives of the Philippines,Eufemia Cullamat,Q66777002,2019-06-30,,female,1960-08-13,,,Eufemia Cullamat
Member of the House of Representatives of the Philippines,Sergio Dagooc,Q66777003,2019-06-30,,,,,,
Member of the House of Representatives of the Philippines,Manuel Jose Dalipe,Q66777004,2019-06-30,,male,,,,
Member of the House of Representatives of the Philippines,Maximo Dalog Jr.,Q66777005,2019-06-30,,,,,,
Member of the House of Representatives of the Philippines,Presley De Jesus,Q66777006,2019-06-30,,,,,,
Member of the House of Representatives of the Philippines,Lorenz Defensor,Q66777007,2019-06-30,,male,,,,
Member of the House of Representatives of the Philippines,Alfred Delos Santos,Q66777008,2019-06-30,,,,,,
Member of the House of Representatives of the Philippines,Cheryl Deloso-Montalla,Q66777009,2019-06-30,,female,,,,
Member of the House of Representatives of the Philippines,Mohamad Khalid Dimaporo,Q66777010,2019-06-30,,male,,,,
Member of the House of Representatives of the Philippines,Alan Dujali,Q66777011,2019-06-30,,,,,,
Member of the House of Representatives of the Philippines,"Faustino ""Inno"" Dy V",Q66777012,2019-06-30,,,,,,
Member of the House of Representatives of the Philippines,Ian Paul Dy,Q66777013,2019-06-30,,male,,,,
Member of the House of Representatives of the Philippines,Adriano Ebcas,Q66777015,2019-06-30,,,,,,
Member of the House of Representatives of the Philippines,Alan 1 Ecleo,Q66777016,2019-06-30,,male,,,,
Member of the House of Representatives of the Philippines,Sarah Jane Elago,Q66777017,2019-06-30,,female,1990-10-18,,HoR Official Portrait Sarah Jane Elago.jpg,Sarah Elago
Member of the House of Representatives of the Philippines,Edgar Erice,Q66777018,2019-06-30,,,,,,
Member of the House of Representatives of the Philippines,Sandra Eriguel,Q66777019,2019-06-30,,,,,,
Member of the House of Representatives of the Philippines,Evelina Escudero,Q66777021,2019-06-30,,,,,,
Member of the House of Representatives of the Philippines,Jumel Anthony Espino,Q66777022,2019-06-30,,,,,,
Member of the House of Representatives of the Philippines,Roger Mercado,Q12970094,2019-12-16,2021-10-13,male,,,,
Member of the Senate of the Philippines,Raul Roco,Q2184714,1992-06-30,2001-02-09,male,1941-10-26,2005-08-05,Raul Sagarbarria Roco.jpg,Raul Roco
Member of the Senate of the Philippines,Nikki Coseteng,Q3058915,1992-06-30,2001-06-30,female,1952-12-18,,,Nikki Coseteng
Member of the Senate of the Philippines,Blas Ople,Q517387,1992-06-30,2002-07-16,male,1927-02-03,2003-12-14,Blas Ople.jpg,Blas Ople
Member of the Senate of the Philippines,Francisco Tatad,Q555481,1992-06-30,2001-06-30,male,1939-10-04,,Senator Francisco Tatad.jpg,Francisco Tatad
Member of the Senate of the Philippines,Juan Ponce Enrile,Q145881,1995-06-30,2001-06-30,male,1924-02-14,,Senate President Juan Ponce Enrile.jpg,Juan Ponce Enrile
Member of the Senate of the Philippines,"Ramon Magsaysay, Jr.",Q1859989,1995-06-30,2007-06-30,male,1938-06-05,,US Navy 061027-M-0049M-001 attend a ceremony marking the completion of an engineering civil action project conducted by U.S. and Philippine Armed Forces.jpg,Ramon Magsaysay Jr.
Member of the Senate of the Philippines,Sergio Osmeña III,Q2139066,1995-06-30,2007-06-30,male,1943-12-13,,Sergio Osmeña III at the Senate.JPG,Serge Osmeña
Member of the Senate of the Philippines,Miriam Defensor Santiago,Q264252,1995-06-30,2001-06-30,female,1945-06-15,2016-09-29,Miriam Defensor Santiago.jpg,Miriam Defensor Santiago
Member of the Senate of the Philippines,Juan Flavier,Q471869,1995-06-30,2007-06-30,male,1935-06-23,2014-10-30,,Juan Flavier
Member of the Senate of the Philippines,Franklin Drilon,Q471871,1995-06-30,2007-06-30,male,1945-11-28,,Franklin drilon.jpg,Franklin Drilon
Member of the Senate of the Philippines,Teresa Aquino-Oreta,Q2084711,1998-06-30,2004-06-30,female,1944-06-28,2020-05-14,Teresa Aquino-Oreta - 2008 (cropped).jpg,Tessie Aquino-Oreta
Member of the Senate of the Philippines,Robert Jaworski,Q2403374,1998-06-30,2004-06-30,male,1946-03-08,,Robert Jaworski 2021 stamp of the Philippines.jpg,Robert Jaworski
Member of the Senate of the Philippines,"Aquilino Pimentel, Jr.",Q241545,1998-06-30,2010-06-30,male,1933-12-11,2019-10-20,Nene Pimentel cropped.jpg,Aquilino Pimentel Jr.
Member of the Senate of the Philippines,Robert Barbers,Q2533043,1998-06-30,2004-06-30,male,1944-01-19,2005-12-25,,Robert Barbers
Member of the Senate of the Philippines,Rodolfo Biazon,Q2573673,1998-06-30,2010-06-30,male,1935-04-14,,Rodolfo Biazon - PMA Homecoming 2019 (cropped).jpg,Rodolfo Biazon
Member of the Senate of the Philippines,Rene Cayetano,Q3720363,1998-06-30,2003-06-24,male,1934-12-12,2003-06-24,Compañero.jpg,Rene Cayetano
Member of the Senate of the Philippines,Loren Legarda,Q446799,1998-06-30,2004-06-30,female,1960-01-28,,Legarda 2008 small.jpg,Loren Legarda
Member of the Senate of the Philippines,John Henry Osmeña,Q473096,1998-06-30,2004-06-30,male,1935-01-17,2021-02-02,Jonh Henry Osmena.jpg,John Henry Osmeña
Member of the Senate of the Philippines,Edgardo Angara,Q1284303,2001-06-30,2013-06-30,male,1934-09-24,2018-05-13,Edgardo Angara picture.jpg,Edgardo Angara
Member of the Senate of the Philippines,Loi Estrada,Q2483874,2001-06-30,2007-06-30,female,1930-06-02,,Senate-Centennial-Dinner-20161006-010 (cropped).jpg,Loi Ejercito
Member of the Senate of the Philippines,Noli de Castro,Q338324,2001-06-30,2004-06-30,male,1949-07-06,,Vp Noli De Castro.jpg,Noli de Castro
Member of the Senate of the Philippines,Joker Arroyo,Q471899,2001-06-30,2013-06-30,male,1927-01-05,2015-10-05,,Joker Arroyo
Member of the Senate of the Philippines,Manny Villar,Q561797,2001-06-30,2013-06-30,male,1949-12-13,,Manny Villar T'nalak Festival 2009.jpg,Manny Villar
Member of the Senate of the Philippines,Mar Roxas,Q1396213,2004-06-30,2010-06-30,male,1957-05-13,,Mar Roxas 082014.jpg,Mar Roxas
Member of the Senate of the Philippines,Juan Ponce Enrile,Q145881,2004-06-30,2016-06-30,male,1924-02-14,,Senate President Juan Ponce Enrile.jpg,Juan Ponce Enrile
Member of the Senate of the Philippines,Richard Gordon,Q1612706,2004-06-30,2010-06-30,male,1945-08-05,,RJGred1.JPG,Dick Gordon (politician)
Member of the Senate of the Philippines,Lito Lapid,Q1898314,2004-06-30,2016-06-30,male,1955-10-25,,Lito Lapid.jpg,Lito Lapid
Member of the Senate of the Philippines,Miriam Defensor Santiago,Q264252,2004-06-30,2016-06-30,female,1945-06-15,2016-09-29,Miriam Defensor Santiago.jpg,Miriam Defensor Santiago
Member of the Senate of the Philippines,Jamby Madrigal,Q3547191,2004-06-30,2010-06-30,female,1958-04-26,,,Jamby Madrigal
Member of the Senate of the Philippines,Pia Cayetano,Q442998,2004-06-30,2016-06-30,female,1966-03-22,,PIA NEW PROFILE PIC 2.JPG,Pia Cayetano
Member of the Senate of the Philippines,Jinggoy Estrada,Q471874,2004-06-30,2016-06-30,male,1963-02-17,,Jinggoy Estrada.jpg,Jinggoy Estrada
Member of the Senate of the Philippines,Benigno Aquino III,Q1464,2007-06-30,2010-06-30,male,1960-02-08,2021-06-24,President Benigno S. Aquino III.jpg,Benigno Aquino III
Member of the Senate of the Philippines,Loren Legarda,Q446799,2007-06-30,2019-06-30,female,1960-01-28,,Legarda 2008 small.jpg,Loren Legarda
Member of the Senate of the Philippines,Alan Peter Cayetano,Q471883,2007-06-30,2017-05-17,male,1970-10-28,,Rep. Alan Peter Cayetano (18th Congress PH).jpg,Alan Peter Cayetano
Member of the Senate of the Philippines,Antonio Trillanes IV,Q525412,2007-06-30,2019-06-30,male,1971-08-06,,Antonio F. Trillanes IV.jpg,Antonio Trillanes
Member of the Senate of the Philippines,Juan Miguel Zubiri,Q555253,2007-06-30,2011-08-11,male,1968-04-13,,,Juan Miguel Zubiri
Member of the Senate of the Philippines,Sergio Osmeña III,Q2139066,2010-06-30,2016-06-30,male,1943-12-13,,Sergio Osmeña III at the Senate.JPG,Serge Osmeña
Member of the Senate of the Philippines,Teofisto Guingona III,Q3550710,2010-06-30,2016-06-30,male,1959-04-19,,Senator TG Guingona visits Negros Occidental 7.15.15 (cropped).png,TG Guingona
Member of the Senate of the Philippines,Franklin Drilon,Q471871,2010-06-30,2019-06-30,male,1945-11-28,,Franklin drilon.jpg,Franklin Drilon
Member of the Senate of the Philippines,Ralph Recto,Q555499,2010-06-30,2019-06-30,male,1964-01-11,,Ralph Recto cropped.jpg,Ralph Recto
Member of the Senate of the Philippines,Aquilino Pimentel III,Q4492601,2011-08-15,2019-06-30,male,1964-01-20,,SKP2.jpg,Koko Pimentel
Member of the Senate of the Philippines,Joseph Victor Ejercito,Q12950817,2013-06-30,2019-06-30,male,1969-12-26,,Sen. JV Ejercito - 2018 (cropped).jpg,JV Ejercito
Member of the Senate of the Philippines,Juan Edgardo Angara,Q2133872,2013-06-30,2019-06-30,male,1972-07-15,,Sen. Sonny Angara.jpg,Sonny Angara
Member of the Senate of the Philippines,Cynthia Villar,Q2192916,2013-06-30,2019-06-30,female,1950-07-29,,Sen. Cynthia Villar (cropped).jpg,Cynthia Villar
Member of the Senate of the Philippines,Grace Poe,Q3135561,2013-06-30,2019-06-30,female,1968-09-03,,Stores Asia Expo 2018 with Guest of Honor Sen. Grace Poe (cropped).jpg,Grace Poe
Member of the Senate of the Philippines,Bam Aquino,Q4853249,2013-06-30,2019-06-30,male,1977-05-07,,Bam Aquino.jpg,Bam Aquino
Member of the Senate of the Philippines,Joel Villanueva,Q12963666,2016-06-30,2019-06-30,male,1975-08-02,,Joel Villanueva portrait.jpg,Joel Villanueva
Member of the Senate of the Philippines,Richard Gordon,Q1612706,2016-06-30,2019-06-30,male,1945-08-05,,RJGred1.JPG,Dick Gordon (politician)
Member of the Senate of the Philippines,Risa Hontiveros,Q2108334,2016-06-30,2019-06-30,female,1966-02-24,,Risa hontiveros.JPG,Risa Hontiveros
Member of the Senate of the Philippines,Sherwin Gatchalian,Q2606208,2016-06-30,2019-06-30,male,1974-04-06,,20170329 BenhamRise.Senate MLC 538.jpg,Win Gatchalian
Member of the Senate of the Philippines,Manny Pacquiao,Q486359,2016-06-30,2019-06-30,male,1978-12-17,,"Ceremonial first pitch by Manny Pacquiao, April 21, 2009.jpg",Manny Pacquiao
Member of the Senate of the Philippines,Leila de Lima,Q520173,2016-06-30,2019-06-30,female,1959-08-27,,Justice Secretary Leila De Lima.jpg,Leila de Lima
Member of the Senate of the Philippines,Juan Miguel Zubiri,Q555253,2016-06-30,2019-06-30,male,1968-04-13,,,Juan Miguel Zubiri
Member of the Senate of the Philippines,Imee Marcos,Q2208719,2019-06-30,,female,1955-11-12,,Imee Marcos COC 2019 elections filing (cropped).jpg,Imee Marcos
Member of the Senate of the Philippines,"Christopher Lawrence ""Bong"" Tesoro Go",Q24896679,2019-06-30,,male,1973-06-14,,Uniform Resource Locator (URL) example.PNG,Bong Go
